touch_id,campaign_id,user_id,channel_id,touch_status,touch_time
T00001,C005,U0003,app_push,exposed,2026-05-01 09:01:00
T00002,C005,U0077,app_push,exposed,2026-05-01 09:02:00
T00003,C001,U0035,app_push,exposed,2026-05-01 09:03:00
T00004,C003,U0030,app_push,exposed,2026-05-01 09:04:00
T00005,C001,U0191,app_push,exposed,2026-05-01 09:05:00
T00006,C005,U0040,app_push,exposed,2026-05-01 09:06:00
T00007,C003,U0073,app_push,exposed,2026-05-01 09:07:00
T00008,C005,U0054,app_push,exposed,2026-05-01 09:08:00
T00009,C003,U0053,app_push,exposed,2026-05-01 09:09:00
T00010,C003,U0130,app_push,exposed,2026-05-01 09:10:00
T00011,C004,U0065,app_push,exposed,2026-05-01 09:11:00
T00012,C001,U0024,app_push,exposed,2026-05-01 09:12:00
T00013,C004,U0071,app_push,exposed,2026-05-01 09:13:00
T00014,C001,U0001,app_push,exposed,2026-05-01 09:14:00
T00015,C003,U0198,app_push,exposed,2026-05-01 09:15:00
T00016,C002,U0164,wechat,exposed,2026-05-01 09:16:00
T00017,C003,U0042,app_push,exposed,2026-05-01 09:17:00
T00018,C004,U0142,app_push,exposed,2026-05-01 09:18:00
T00019,C004,U0144,app_push,exposed,2026-05-01 09:19:00
T00020,C001,U0029,app_push,exposed,2026-05-01 09:20:00
T00021,C001,U0177,app_push,exposed,2026-05-01 09:21:00
T00022,C002,U0140,wechat,exposed,2026-05-01 09:22:00
T00023,C001,U0095,app_push,exposed,2026-05-01 09:23:00
T00024,C005,U0142,app_push,exposed,2026-05-01 09:24:00
T00025,C002,U0111,wechat,exposed,2026-05-01 09:25:00
T00026,C002,U0011,wechat,exposed,2026-05-01 09:26:00
T00027,C003,U0094,app_push,exposed,2026-05-01 09:27:00
T00028,C001,U0092,app_push,exposed,2026-05-01 09:28:00
T00029,C002,U0175,wechat,exposed,2026-05-01 09:29:00
T00030,C002,U0171,wechat,exposed,2026-05-01 09:30:00
T00031,C001,U0091,app_push,exposed,2026-05-01 09:31:00
T00032,C005,U0105,app_push,exposed,2026-05-01 09:32:00
T00033,C005,U0192,app_push,exposed,2026-05-01 09:33:00
T00034,C002,U0061,wechat,exposed,2026-05-01 09:34:00
T00035,C002,U0046,wechat,exposed,2026-05-01 09:35:00
T00036,C004,U0007,app_push,exposed,2026-05-01 09:36:00
T00037,C002,U0189,wechat,exposed,2026-05-01 09:37:00
T00038,C003,U0106,app_push,exposed,2026-05-01 09:38:00
T00039,C002,U0069,wechat,exposed,2026-05-01 09:39:00
T00040,C002,U0180,wechat,exposed,2026-05-01 09:40:00
T00041,C001,U0098,app_push,exposed,2026-05-01 09:41:00
T00042,C001,U0121,app_push,exposed,2026-05-01 09:42:00
T00043,C002,U0052,wechat,exposed,2026-05-01 09:43:00
T00044,C004,U0090,app_push,exposed,2026-05-01 09:44:00
T00045,C003,U0059,app_push,exposed,2026-05-01 09:45:00
T00046,C002,U0007,wechat,exposed,2026-05-01 09:46:00
T00047,C002,U0103,wechat,exposed,2026-05-01 09:47:00
T00048,C003,U0072,app_push,exposed,2026-05-01 09:48:00
T00049,C001,U0198,app_push,exposed,2026-05-01 09:49:00
T00050,C003,U0090,app_push,exposed,2026-05-01 09:50:00
T00051,C005,U0103,app_push,exposed,2026-05-01 09:51:00
T00052,C005,U0085,app_push,exposed,2026-05-01 09:52:00
T00053,C001,U0030,app_push,exposed,2026-05-01 09:53:00
T00054,C003,U0046,app_push,exposed,2026-05-01 09:54:00
T00055,C005,U0068,app_push,exposed,2026-05-01 09:55:00
T00056,C001,U0028,app_push,exposed,2026-05-01 09:56:00
T00057,C005,U0112,app_push,exposed,2026-05-01 09:57:00
T00058,C003,U0187,app_push,exposed,2026-05-01 09:58:00
T00059,C003,U0112,app_push,exposed,2026-05-01 09:59:00
T00060,C005,U0131,app_push,exposed,2026-05-01 10:00:00
T00061,C001,U0099,app_push,exposed,2026-05-01 10:01:00
T00062,C005,U0049,app_push,exposed,2026-05-01 10:02:00
T00063,C003,U0012,app_push,exposed,2026-05-01 10:03:00
T00064,C004,U0001,app_push,exposed,2026-05-01 10:04:00
T00065,C005,U0138,app_push,exposed,2026-05-01 10:05:00
T00066,C002,U0094,wechat,exposed,2026-05-01 10:06:00
T00067,C004,U0018,app_push,exposed,2026-05-01 10:07:00
T00068,C003,U0160,app_push,exposed,2026-05-01 10:08:00
T00069,C003,U0170,app_push,exposed,2026-05-01 10:09:00
T00070,C001,U0185,app_push,exposed,2026-05-01 10:10:00
T00071,C003,U0130,app_push,exposed,2026-05-01 10:11:00
T00072,C003,U0171,app_push,exposed,2026-05-01 10:12:00
T00073,C004,U0084,app_push,exposed,2026-05-01 10:13:00
T00074,C004,U0179,app_push,exposed,2026-05-01 10:14:00
T00075,C003,U0142,app_push,exposed,2026-05-01 10:15:00
T00076,C002,U0050,wechat,exposed,2026-05-01 10:16:00
T00077,C004,U0171,app_push,exposed,2026-05-01 10:17:00
T00078,C004,U0174,app_push,exposed,2026-05-01 10:18:00
T00079,C002,U0158,wechat,exposed,2026-05-01 10:19:00
T00080,C005,U0078,app_push,exposed,2026-05-01 10:20:00
T00081,C004,U0141,app_push,exposed,2026-05-01 10:21:00
T00082,C001,U0078,app_push,exposed,2026-05-01 10:22:00
T00083,C003,U0054,app_push,exposed,2026-05-01 10:23:00
T00084,C004,U0149,app_push,exposed,2026-05-01 10:24:00
T00085,C005,U0168,app_push,exposed,2026-05-01 10:25:00
T00086,C003,U0120,app_push,exposed,2026-05-01 10:26:00
T00087,C004,U0114,app_push,exposed,2026-05-01 10:27:00
T00088,C002,U0131,wechat,exposed,2026-05-01 10:28:00
T00089,C004,U0189,app_push,exposed,2026-05-01 10:29:00
T00090,C002,U0169,wechat,exposed,2026-05-01 10:30:00
T00091,C001,U0073,app_push,exposed,2026-05-01 10:31:00
T00092,C005,U0170,app_push,exposed,2026-05-01 10:32:00
T00093,C005,U0086,app_push,exposed,2026-05-01 10:33:00
T00094,C001,U0193,app_push,exposed,2026-05-01 10:34:00
T00095,C002,U0173,wechat,exposed,2026-05-01 10:35:00
T00096,C003,U0058,app_push,exposed,2026-05-01 10:36:00
T00097,C002,U0038,wechat,exposed,2026-05-01 10:37:00
T00098,C001,U0012,app_push,exposed,2026-05-01 10:38:00
T00099,C002,U0122,wechat,exposed,2026-05-01 10:39:00
T00100,C005,U0197,app_push,exposed,2026-05-01 10:40:00
T00101,C001,U0117,app_push,exposed,2026-05-01 10:41:00
T00102,C004,U0162,app_push,exposed,2026-05-01 10:42:00
T00103,C005,U0050,app_push,exposed,2026-05-01 10:43:00
T00104,C004,U0127,app_push,exposed,2026-05-01 10:44:00
T00105,C004,U0063,app_push,exposed,2026-05-01 10:45:00
T00106,C002,U0168,wechat,exposed,2026-05-01 10:46:00
T00107,C001,U0193,app_push,exposed,2026-05-01 10:47:00
T00108,C001,U0200,app_push,exposed,2026-05-01 10:48:00
T00109,C004,U0057,app_push,exposed,2026-05-01 10:49:00
T00110,C002,U0179,wechat,exposed,2026-05-01 10:50:00
T00111,C005,U0119,app_push,exposed,2026-05-01 10:51:00
T00112,C001,U0143,app_push,exposed,2026-05-01 10:52:00
T00113,C002,U0032,wechat,exposed,2026-05-01 10:53:00
T00114,C004,U0035,app_push,exposed,2026-05-01 10:54:00
T00115,C004,U0171,app_push,exposed,2026-05-01 10:55:00
T00116,C005,U0144,app_push,exposed,2026-05-01 10:56:00
T00117,C005,U0082,app_push,exposed,2026-05-01 10:57:00
T00118,C004,U0157,app_push,exposed,2026-05-01 10:58:00
T00119,C005,U0110,app_push,exposed,2026-05-01 10:59:00
T00120,C005,U0115,app_push,exposed,2026-05-01 11:00:00
T00121,C002,U0191,wechat,exposed,2026-05-01 11:01:00
T00122,C004,U0116,app_push,exposed,2026-05-01 11:02:00
T00123,C003,U0193,app_push,exposed,2026-05-01 11:03:00
T00124,C002,U0164,wechat,exposed,2026-05-01 11:04:00
T00125,C003,U0197,app_push,exposed,2026-05-01 11:05:00
T00126,C005,U0125,app_push,exposed,2026-05-01 11:06:00
T00127,C002,U0071,wechat,exposed,2026-05-01 11:07:00
T00128,C004,U0020,app_push,exposed,2026-05-01 11:08:00
T00129,C003,U0061,app_push,exposed,2026-05-01 11:09:00
T00130,C003,U0086,app_push,exposed,2026-05-01 11:10:00
T00131,C003,U0139,app_push,exposed,2026-05-01 11:11:00
T00132,C001,U0036,app_push,exposed,2026-05-01 11:12:00
T00133,C002,U0060,wechat,exposed,2026-05-01 11:13:00
T00134,C004,U0178,app_push,exposed,2026-05-01 11:14:00
T00135,C002,U0181,wechat,exposed,2026-05-01 11:15:00
T00136,C002,U0017,wechat,exposed,2026-05-01 11:16:00
T00137,C004,U0105,app_push,exposed,2026-05-01 11:17:00
T00138,C003,U0139,app_push,exposed,2026-05-01 11:18:00
T00139,C004,U0107,app_push,exposed,2026-05-01 11:19:00
T00140,C001,U0053,app_push,exposed,2026-05-01 11:20:00
T00141,C004,U0100,app_push,exposed,2026-05-01 11:21:00
T00142,C005,U0179,app_push,exposed,2026-05-01 11:22:00
T00143,C001,U0196,app_push,exposed,2026-05-01 11:23:00
T00144,C005,U0098,app_push,exposed,2026-05-01 11:24:00
T00145,C004,U0002,app_push,exposed,2026-05-01 11:25:00
T00146,C003,U0077,app_push,exposed,2026-05-01 11:26:00
T00147,C004,U0108,app_push,exposed,2026-05-01 11:27:00
T00148,C005,U0192,app_push,exposed,2026-05-01 11:28:00
T00149,C005,U0155,app_push,exposed,2026-05-01 11:29:00
T00150,C002,U0125,wechat,exposed,2026-05-01 11:30:00
T00151,C002,U0070,wechat,exposed,2026-05-01 11:31:00
T00152,C004,U0125,app_push,exposed,2026-05-01 11:32:00
T00153,C001,U0100,app_push,exposed,2026-05-01 11:33:00
T00154,C003,U0172,app_push,exposed,2026-05-01 11:34:00
T00155,C004,U0186,app_push,exposed,2026-05-01 11:35:00
T00156,C002,U0120,wechat,exposed,2026-05-01 11:36:00
T00157,C002,U0160,wechat,exposed,2026-05-01 11:37:00
T00158,C005,U0007,app_push,exposed,2026-05-01 11:38:00
T00159,C004,U0152,app_push,exposed,2026-05-01 11:39:00
T00160,C005,U0170,app_push,exposed,2026-05-01 11:40:00
T00161,C001,U0022,app_push,exposed,2026-05-01 11:41:00
T00162,C004,U0035,app_push,exposed,2026-05-01 11:42:00
T00163,C004,U0047,app_push,exposed,2026-05-01 11:43:00
T00164,C001,U0067,app_push,exposed,2026-05-01 11:44:00
T00165,C004,U0084,app_push,exposed,2026-05-01 11:45:00
T00166,C002,U0117,wechat,exposed,2026-05-01 11:46:00
T00167,C003,U0087,app_push,exposed,2026-05-01 11:47:00
T00168,C004,U0072,app_push,exposed,2026-05-01 11:48:00
T00169,C004,U0065,app_push,exposed,2026-05-01 11:49:00
T00170,C001,U0121,app_push,exposed,2026-05-01 11:50:00
T00171,C001,U0192,app_push,exposed,2026-05-01 11:51:00
T00172,C005,U0014,app_push,exposed,2026-05-01 11:52:00
T00173,C003,U0058,app_push,exposed,2026-05-01 11:53:00
T00174,C001,U0200,app_push,exposed,2026-05-01 11:54:00
T00175,C001,U0194,app_push,exposed,2026-05-01 11:55:00
T00176,C001,U0064,app_push,exposed,2026-05-01 11:56:00
T00177,C002,U0006,wechat,exposed,2026-05-01 11:57:00
T00178,C005,U0040,app_push,exposed,2026-05-01 11:58:00
T00179,C002,U0033,wechat,exposed,2026-05-01 11:59:00
T00180,C004,U0172,app_push,exposed,2026-05-01 12:00:00
T00181,C001,U0145,app_push,exposed,2026-05-01 12:01:00
T00182,C002,U0120,wechat,exposed,2026-05-01 12:02:00
T00183,C003,U0197,app_push,exposed,2026-05-01 12:03:00
T00184,C003,U0043,app_push,exposed,2026-05-01 12:04:00
T00185,C005,U0156,app_push,exposed,2026-05-01 12:05:00
T00186,C001,U0200,app_push,exposed,2026-05-01 12:06:00
T00187,C002,U0080,wechat,exposed,2026-05-01 12:07:00
T00188,C001,U0149,app_push,exposed,2026-05-01 12:08:00
T00189,C001,U0080,app_push,exposed,2026-05-01 12:09:00
T00190,C005,U0174,app_push,exposed,2026-05-01 12:10:00
T00191,C004,U0102,app_push,exposed,2026-05-01 12:11:00
T00192,C002,U0020,wechat,exposed,2026-05-01 12:12:00
T00193,C005,U0177,app_push,exposed,2026-05-01 12:13:00
T00194,C002,U0027,wechat,exposed,2026-05-01 12:14:00
T00195,C003,U0176,app_push,exposed,2026-05-01 12:15:00
T00196,C005,U0031,app_push,exposed,2026-05-01 12:16:00
T00197,C005,U0011,app_push,exposed,2026-05-01 12:17:00
T00198,C003,U0137,app_push,exposed,2026-05-01 12:18:00
T00199,C004,U0170,app_push,exposed,2026-05-01 12:19:00
T00200,C003,U0018,app_push,exposed,2026-05-01 12:20:00
T00201,C005,U0166,app_push,exposed,2026-05-01 12:21:00
T00202,C003,U0004,app_push,exposed,2026-05-01 12:22:00
T00203,C004,U0126,app_push,exposed,2026-05-01 12:23:00
T00204,C001,U0111,app_push,exposed,2026-05-01 12:24:00
T00205,C003,U0163,app_push,exposed,2026-05-01 12:25:00
T00206,C004,U0182,app_push,exposed,2026-05-01 12:26:00
T00207,C002,U0112,wechat,exposed,2026-05-01 12:27:00
T00208,C002,U0188,wechat,exposed,2026-05-01 12:28:00
T00209,C005,U0167,app_push,exposed,2026-05-01 12:29:00
T00210,C003,U0158,app_push,exposed,2026-05-01 12:30:00
T00211,C005,U0199,app_push,exposed,2026-05-01 12:31:00
T00212,C004,U0120,app_push,exposed,2026-05-01 12:32:00
T00213,C004,U0188,app_push,exposed,2026-05-01 12:33:00
T00214,C005,U0069,app_push,exposed,2026-05-01 12:34:00
T00215,C003,U0063,app_push,exposed,2026-05-01 12:35:00
T00216,C001,U0072,app_push,exposed,2026-05-01 12:36:00
T00217,C004,U0063,app_push,exposed,2026-05-01 12:37:00
T00218,C004,U0146,app_push,exposed,2026-05-01 12:38:00
T00219,C005,U0172,app_push,exposed,2026-05-01 12:39:00
T00220,C004,U0087,app_push,exposed,2026-05-01 12:40:00
T00221,C001,U0127,app_push,exposed,2026-05-01 12:41:00
T00222,C003,U0047,app_push,exposed,2026-05-01 12:42:00
T00223,C004,U0055,app_push,exposed,2026-05-01 12:43:00
T00224,C003,U0067,app_push,exposed,2026-05-01 12:44:00
T00225,C003,U0072,app_push,exposed,2026-05-01 12:45:00
T00226,C005,U0180,app_push,exposed,2026-05-01 12:46:00
T00227,C003,U0143,app_push,exposed,2026-05-01 12:47:00
T00228,C001,U0133,app_push,exposed,2026-05-01 12:48:00
T00229,C002,U0022,wechat,exposed,2026-05-01 12:49:00
T00230,C002,U0185,wechat,exposed,2026-05-01 12:50:00
T00231,C004,U0126,app_push,exposed,2026-05-01 12:51:00
T00232,C005,U0195,app_push,exposed,2026-05-01 12:52:00
T00233,C002,U0177,wechat,exposed,2026-05-01 12:53:00
T00234,C004,U0166,app_push,exposed,2026-05-01 12:54:00
T00235,C004,U0115,app_push,exposed,2026-05-01 12:55:00
T00236,C001,U0024,app_push,exposed,2026-05-01 12:56:00
T00237,C003,U0057,app_push,exposed,2026-05-01 12:57:00
T00238,C004,U0178,app_push,exposed,2026-05-01 12:58:00
T00239,C002,U0079,wechat,exposed,2026-05-01 12:59:00
T00240,C005,U0095,app_push,exposed,2026-05-01 13:00:00
T00241,C004,U0142,app_push,exposed,2026-05-01 13:01:00
T00242,C005,U0089,app_push,exposed,2026-05-01 13:02:00
T00243,C004,U0191,app_push,exposed,2026-05-01 13:03:00
T00244,C005,U0085,app_push,exposed,2026-05-01 13:04:00
T00245,C003,U0180,app_push,exposed,2026-05-01 13:05:00
T00246,C004,U0070,app_push,exposed,2026-05-01 13:06:00
T00247,C003,U0065,app_push,exposed,2026-05-01 13:07:00
T00248,C002,U0031,wechat,exposed,2026-05-01 13:08:00
T00249,C002,U0081,wechat,exposed,2026-05-01 13:09:00
T00250,C001,U0191,app_push,exposed,2026-05-01 13:10:00
T00251,C005,U0196,app_push,exposed,2026-05-01 13:11:00
T00252,C002,U0050,wechat,exposed,2026-05-01 13:12:00
T00253,C002,U0190,wechat,exposed,2026-05-01 13:13:00
T00254,C004,U0071,app_push,exposed,2026-05-01 13:14:00
T00255,C005,U0195,app_push,exposed,2026-05-01 13:15:00
T00256,C005,U0153,app_push,exposed,2026-05-01 13:16:00
T00257,C003,U0026,app_push,exposed,2026-05-01 13:17:00
T00258,C002,U0076,wechat,exposed,2026-05-01 13:18:00
T00259,C002,U0093,wechat,exposed,2026-05-01 13:19:00
T00260,C002,U0078,wechat,exposed,2026-05-01 13:20:00
T00261,C001,U0182,app_push,exposed,2026-05-01 13:21:00
T00262,C005,U0033,app_push,exposed,2026-05-01 13:22:00
T00263,C003,U0012,app_push,exposed,2026-05-01 13:23:00
T00264,C001,U0142,app_push,exposed,2026-05-01 13:24:00
T00265,C003,U0179,app_push,exposed,2026-05-01 13:25:00
T00266,C002,U0164,wechat,exposed,2026-05-01 13:26:00
T00267,C004,U0027,app_push,exposed,2026-05-01 13:27:00
T00268,C001,U0147,app_push,exposed,2026-05-01 13:28:00
T00269,C003,U0121,app_push,exposed,2026-05-01 13:29:00
T00270,C004,U0113,app_push,exposed,2026-05-01 13:30:00
T00271,C003,U0048,app_push,exposed,2026-05-01 13:31:00
T00272,C001,U0065,app_push,exposed,2026-05-01 13:32:00
T00273,C004,U0030,app_push,exposed,2026-05-01 13:33:00
T00274,C001,U0103,app_push,exposed,2026-05-01 13:34:00
T00275,C004,U0019,app_push,exposed,2026-05-01 13:35:00
T00276,C005,U0162,app_push,exposed,2026-05-01 13:36:00
T00277,C001,U0039,app_push,exposed,2026-05-01 13:37:00
T00278,C002,U0145,wechat,exposed,2026-05-01 13:38:00
T00279,C003,U0022,app_push,exposed,2026-05-01 13:39:00
T00280,C002,U0031,wechat,exposed,2026-05-01 13:40:00
T00281,C005,U0196,app_push,exposed,2026-05-01 13:41:00
T00282,C004,U0156,app_push,exposed,2026-05-01 13:42:00
T00283,C005,U0159,app_push,exposed,2026-05-01 13:43:00
T00284,C002,U0199,wechat,exposed,2026-05-01 13:44:00
T00285,C005,U0098,app_push,exposed,2026-05-01 13:45:00
T00286,C004,U0114,app_push,exposed,2026-05-01 13:46:00
T00287,C003,U0151,app_push,exposed,2026-05-01 13:47:00
T00288,C004,U0079,app_push,exposed,2026-05-01 13:48:00
T00289,C005,U0159,app_push,exposed,2026-05-01 13:49:00
T00290,C001,U0157,app_push,exposed,2026-05-01 13:50:00
T00291,C001,U0196,app_push,exposed,2026-05-01 13:51:00
T00292,C002,U0161,wechat,exposed,2026-05-01 13:52:00
T00293,C002,U0068,wechat,exposed,2026-05-01 13:53:00
T00294,C001,U0041,app_push,exposed,2026-05-01 13:54:00
T00295,C002,U0045,wechat,exposed,2026-05-01 13:55:00
T00296,C005,U0020,app_push,exposed,2026-05-01 13:56:00
T00297,C002,U0001,wechat,exposed,2026-05-01 13:57:00
T00298,C004,U0116,app_push,exposed,2026-05-01 13:58:00
T00299,C005,U0121,app_push,exposed,2026-05-01 13:59:00
T00300,C003,U0009,app_push,exposed,2026-05-01 14:00:00
T00301,C002,U0074,wechat,exposed,2026-05-01 14:01:00
T00302,C003,U0180,app_push,exposed,2026-05-01 14:02:00
T00303,C004,U0019,app_push,exposed,2026-05-01 14:03:00
T00304,C002,U0068,wechat,exposed,2026-05-01 14:04:00
T00305,C005,U0170,app_push,exposed,2026-05-01 14:05:00
T00306,C002,U0109,wechat,exposed,2026-05-01 14:06:00
T00307,C001,U0140,app_push,exposed,2026-05-01 14:07:00
T00308,C002,U0166,wechat,exposed,2026-05-01 14:08:00
T00309,C002,U0069,wechat,exposed,2026-05-01 14:09:00
T00310,C002,U0019,wechat,exposed,2026-05-01 14:10:00
T00311,C001,U0043,app_push,exposed,2026-05-01 14:11:00
T00312,C003,U0153,app_push,exposed,2026-05-01 14:12:00
T00313,C005,U0074,app_push,exposed,2026-05-01 14:13:00
T00314,C004,U0032,app_push,exposed,2026-05-01 14:14:00
T00315,C004,U0177,app_push,exposed,2026-05-01 14:15:00
T00316,C003,U0180,app_push,exposed,2026-05-01 14:16:00
T00317,C004,U0070,app_push,exposed,2026-05-01 14:17:00
T00318,C005,U0139,app_push,exposed,2026-05-01 14:18:00
T00319,C004,U0113,app_push,exposed,2026-05-01 14:19:00
T00320,C001,U0154,app_push,exposed,2026-05-01 14:20:00
T00321,C001,U0111,app_push,exposed,2026-05-01 14:21:00
T00322,C003,U0155,app_push,exposed,2026-05-01 14:22:00
T00323,C003,U0007,app_push,exposed,2026-05-01 14:23:00
T00324,C001,U0059,app_push,exposed,2026-05-01 14:24:00
T00325,C005,U0151,app_push,exposed,2026-05-01 14:25:00
T00326,C001,U0196,app_push,exposed,2026-05-01 14:26:00
T00327,C003,U0148,app_push,exposed,2026-05-01 14:27:00
T00328,C001,U0196,app_push,exposed,2026-05-01 14:28:00
T00329,C002,U0121,wechat,exposed,2026-05-01 14:29:00
T00330,C005,U0167,app_push,exposed,2026-05-01 14:30:00
T00331,C004,U0072,app_push,exposed,2026-05-01 14:31:00
T00332,C002,U0150,wechat,exposed,2026-05-01 14:32:00
T00333,C004,U0163,app_push,exposed,2026-05-01 14:33:00
T00334,C004,U0024,app_push,exposed,2026-05-01 14:34:00
T00335,C004,U0090,app_push,exposed,2026-05-01 14:35:00
T00336,C004,U0086,app_push,exposed,2026-05-01 14:36:00
T00337,C003,U0172,app_push,exposed,2026-05-01 14:37:00
T00338,C001,U0042,app_push,exposed,2026-05-01 14:38:00
T00339,C003,U0106,app_push,exposed,2026-05-01 14:39:00
T00340,C004,U0074,app_push,exposed,2026-05-01 14:40:00
T00341,C004,U0195,app_push,exposed,2026-05-01 14:41:00
T00342,C005,U0010,app_push,exposed,2026-05-01 14:42:00
T00343,C004,U0023,app_push,exposed,2026-05-01 14:43:00
T00344,C003,U0065,app_push,exposed,2026-05-01 14:44:00
T00345,C003,U0030,app_push,exposed,2026-05-01 14:45:00
T00346,C004,U0132,app_push,exposed,2026-05-01 14:46:00
T00347,C001,U0169,app_push,exposed,2026-05-01 14:47:00
T00348,C005,U0119,app_push,exposed,2026-05-01 14:48:00
T00349,C004,U0014,app_push,exposed,2026-05-01 14:49:00
T00350,C002,U0133,wechat,exposed,2026-05-01 14:50:00
T00351,C003,U0160,app_push,exposed,2026-05-01 14:51:00
T00352,C004,U0161,app_push,exposed,2026-05-01 14:52:00
T00353,C004,U0195,app_push,exposed,2026-05-01 14:53:00
T00354,C001,U0053,app_push,exposed,2026-05-01 14:54:00
T00355,C003,U0141,app_push,exposed,2026-05-01 14:55:00
T00356,C002,U0074,wechat,exposed,2026-05-01 14:56:00
T00357,C004,U0179,app_push,exposed,2026-05-01 14:57:00
T00358,C004,U0032,app_push,exposed,2026-05-01 14:58:00
T00359,C001,U0162,app_push,exposed,2026-05-01 14:59:00
T00360,C005,U0062,app_push,exposed,2026-05-01 15:00:00
T00361,C002,U0080,wechat,exposed,2026-05-01 15:01:00
T00362,C005,U0004,app_push,exposed,2026-05-01 15:02:00
T00363,C005,U0105,app_push,exposed,2026-05-01 15:03:00
T00364,C001,U0058,app_push,exposed,2026-05-01 15:04:00
T00365,C001,U0119,app_push,exposed,2026-05-01 15:05:00
T00366,C001,U0166,app_push,exposed,2026-05-01 15:06:00
T00367,C002,U0128,wechat,exposed,2026-05-01 15:07:00
T00368,C003,U0131,app_push,exposed,2026-05-01 15:08:00
T00369,C003,U0107,app_push,exposed,2026-05-01 15:09:00
T00370,C004,U0121,app_push,exposed,2026-05-01 15:10:00
T00371,C002,U0117,wechat,exposed,2026-05-01 15:11:00
T00372,C005,U0038,app_push,exposed,2026-05-01 15:12:00
T00373,C004,U0049,app_push,exposed,2026-05-01 15:13:00
T00374,C005,U0131,app_push,exposed,2026-05-01 15:14:00
T00375,C002,U0018,wechat,exposed,2026-05-01 15:15:00
T00376,C003,U0198,app_push,exposed,2026-05-01 15:16:00
T00377,C004,U0088,app_push,exposed,2026-05-01 15:17:00
T00378,C005,U0069,app_push,exposed,2026-05-01 15:18:00
T00379,C001,U0073,app_push,exposed,2026-05-01 15:19:00
T00380,C003,U0151,app_push,exposed,2026-05-01 15:20:00
T00381,C005,U0169,app_push,exposed,2026-05-01 15:21:00
T00382,C004,U0039,app_push,exposed,2026-05-01 15:22:00
T00383,C004,U0138,app_push,exposed,2026-05-01 15:23:00
T00384,C004,U0089,app_push,exposed,2026-05-01 15:24:00
T00385,C003,U0142,app_push,exposed,2026-05-01 15:25:00
T00386,C005,U0097,app_push,exposed,2026-05-01 15:26:00
T00387,C004,U0083,app_push,exposed,2026-05-01 15:27:00
T00388,C002,U0179,wechat,exposed,2026-05-01 15:28:00
T00389,C002,U0147,wechat,exposed,2026-05-01 15:29:00
T00390,C004,U0060,app_push,exposed,2026-05-01 15:30:00
T00391,C004,U0012,app_push,exposed,2026-05-01 15:31:00
T00392,C003,U0191,app_push,exposed,2026-05-01 15:32:00
T00393,C004,U0181,app_push,exposed,2026-05-01 15:33:00
T00394,C004,U0099,app_push,exposed,2026-05-01 15:34:00
T00395,C002,U0127,wechat,exposed,2026-05-01 15:35:00
T00396,C001,U0033,app_push,exposed,2026-05-01 15:36:00
T00397,C005,U0152,app_push,exposed,2026-05-01 15:37:00
T00398,C003,U0026,app_push,exposed,2026-05-01 15:38:00
T00399,C004,U0026,app_push,exposed,2026-05-01 15:39:00
T00400,C005,U0117,app_push,exposed,2026-05-01 15:40:00
T00401,C001,U0185,app_push,exposed,2026-05-01 15:41:00
T00402,C002,U0105,wechat,exposed,2026-05-01 15:42:00
T00403,C002,U0020,wechat,exposed,2026-05-01 15:43:00
T00404,C004,U0068,app_push,exposed,2026-05-01 15:44:00
T00405,C003,U0160,app_push,exposed,2026-05-01 15:45:00
T00406,C004,U0167,app_push,exposed,2026-05-01 15:46:00
T00407,C001,U0085,app_push,exposed,2026-05-01 15:47:00
T00408,C005,U0098,app_push,exposed,2026-05-01 15:48:00
T00409,C003,U0161,app_push,exposed,2026-05-01 15:49:00
T00410,C004,U0139,app_push,exposed,2026-05-01 15:50:00
T00411,C001,U0159,app_push,exposed,2026-05-01 15:51:00
T00412,C001,U0061,app_push,exposed,2026-05-01 15:52:00
T00413,C003,U0059,app_push,exposed,2026-05-01 15:53:00
T00414,C001,U0112,app_push,exposed,2026-05-01 15:54:00
T00415,C001,U0195,app_push,exposed,2026-05-01 15:55:00
T00416,C001,U0114,app_push,exposed,2026-05-01 15:56:00
T00417,C002,U0178,wechat,exposed,2026-05-01 15:57:00
T00418,C003,U0008,app_push,exposed,2026-05-01 15:58:00
T00419,C001,U0084,app_push,exposed,2026-05-01 15:59:00
T00420,C001,U0076,app_push,exposed,2026-05-01 16:00:00
T00421,C003,U0096,app_push,exposed,2026-05-01 16:01:00
T00422,C004,U0038,app_push,exposed,2026-05-01 16:02:00
T00423,C002,U0136,wechat,exposed,2026-05-01 16:03:00
T00424,C004,U0145,app_push,exposed,2026-05-01 16:04:00
T00425,C002,U0044,wechat,exposed,2026-05-01 16:05:00
T00426,C002,U0021,wechat,exposed,2026-05-01 16:06:00
T00427,C005,U0098,app_push,exposed,2026-05-01 16:07:00
T00428,C005,U0175,app_push,exposed,2026-05-01 16:08:00
T00429,C002,U0128,wechat,exposed,2026-05-01 16:09:00
T00430,C005,U0037,app_push,exposed,2026-05-01 16:10:00
T00431,C002,U0119,wechat,exposed,2026-05-01 16:11:00
T00432,C003,U0118,app_push,exposed,2026-05-01 16:12:00
T00433,C003,U0171,app_push,exposed,2026-05-01 16:13:00
T00434,C001,U0120,app_push,exposed,2026-05-01 16:14:00
T00435,C003,U0174,app_push,exposed,2026-05-01 16:15:00
T00436,C005,U0041,app_push,exposed,2026-05-01 16:16:00
T00437,C001,U0114,app_push,exposed,2026-05-01 16:17:00
T00438,C003,U0151,app_push,exposed,2026-05-01 16:18:00
T00439,C003,U0164,app_push,exposed,2026-05-01 16:19:00
T00440,C004,U0177,app_push,exposed,2026-05-01 16:20:00
T00441,C003,U0117,app_push,exposed,2026-05-01 16:21:00
T00442,C003,U0051,app_push,exposed,2026-05-01 16:22:00
T00443,C004,U0124,app_push,exposed,2026-05-01 16:23:00
T00444,C001,U0061,app_push,exposed,2026-05-01 16:24:00
T00445,C004,U0147,app_push,exposed,2026-05-01 16:25:00
T00446,C003,U0148,app_push,exposed,2026-05-01 16:26:00
T00447,C003,U0180,app_push,exposed,2026-05-01 16:27:00
T00448,C003,U0006,app_push,exposed,2026-05-01 16:28:00
T00449,C004,U0071,app_push,exposed,2026-05-01 16:29:00
T00450,C001,U0145,app_push,exposed,2026-05-01 16:30:00
T00451,C001,U0156,app_push,exposed,2026-05-01 16:31:00
T00452,C004,U0074,app_push,exposed,2026-05-01 16:32:00
T00453,C002,U0156,wechat,exposed,2026-05-01 16:33:00
T00454,C003,U0057,app_push,exposed,2026-05-01 16:34:00
T00455,C002,U0159,wechat,exposed,2026-05-01 16:35:00
T00456,C003,U0174,app_push,exposed,2026-05-01 16:36:00
T00457,C002,U0161,wechat,exposed,2026-05-01 16:37:00
T00458,C001,U0161,app_push,exposed,2026-05-01 16:38:00
T00459,C001,U0080,app_push,exposed,2026-05-01 16:39:00
T00460,C004,U0009,app_push,exposed,2026-05-01 16:40:00
T00461,C005,U0094,app_push,exposed,2026-05-01 16:41:00
T00462,C002,U0024,wechat,exposed,2026-05-01 16:42:00
T00463,C003,U0084,app_push,exposed,2026-05-01 16:43:00
T00464,C004,U0045,app_push,exposed,2026-05-01 16:44:00
T00465,C002,U0034,wechat,exposed,2026-05-01 16:45:00
T00466,C005,U0094,app_push,exposed,2026-05-01 16:46:00
T00467,C005,U0129,app_push,exposed,2026-05-01 16:47:00
T00468,C003,U0043,app_push,exposed,2026-05-01 16:48:00
T00469,C003,U0124,app_push,exposed,2026-05-01 16:49:00
T00470,C003,U0192,app_push,exposed,2026-05-01 16:50:00
T00471,C003,U0030,app_push,exposed,2026-05-01 16:51:00
T00472,C004,U0020,app_push,exposed,2026-05-01 16:52:00
T00473,C002,U0194,wechat,exposed,2026-05-01 16:53:00
T00474,C002,U0174,wechat,exposed,2026-05-01 16:54:00
T00475,C004,U0143,app_push,exposed,2026-05-01 16:55:00
T00476,C003,U0024,app_push,exposed,2026-05-01 16:56:00
T00477,C004,U0004,app_push,exposed,2026-05-01 16:57:00
T00478,C003,U0138,app_push,exposed,2026-05-01 16:58:00
T00479,C001,U0117,app_push,exposed,2026-05-01 16:59:00
T00480,C003,U0173,app_push,exposed,2026-05-01 17:00:00
T00481,C003,U0150,app_push,exposed,2026-05-01 17:01:00
T00482,C004,U0164,app_push,exposed,2026-05-01 17:02:00
T00483,C003,U0028,app_push,exposed,2026-05-01 17:03:00
T00484,C002,U0121,wechat,exposed,2026-05-01 17:04:00
T00485,C001,U0159,app_push,exposed,2026-05-01 17:05:00
T00486,C005,U0084,app_push,exposed,2026-05-01 17:06:00
T00487,C005,U0057,app_push,exposed,2026-05-01 17:07:00
T00488,C001,U0163,app_push,exposed,2026-05-01 17:08:00
T00489,C004,U0180,app_push,exposed,2026-05-01 17:09:00
T00490,C003,U0167,app_push,exposed,2026-05-01 17:10:00
T00491,C004,U0030,app_push,exposed,2026-05-01 17:11:00
T00492,C002,U0012,wechat,exposed,2026-05-01 17:12:00
T00493,C001,U0078,app_push,exposed,2026-05-01 17:13:00
T00494,C004,U0030,app_push,exposed,2026-05-01 17:14:00
T00495,C001,U0061,app_push,exposed,2026-05-01 17:15:00
T00496,C005,U0035,app_push,exposed,2026-05-01 17:16:00
T00497,C004,U0117,app_push,exposed,2026-05-01 17:17:00
T00498,C003,U0172,app_push,exposed,2026-05-01 17:18:00
T00499,C005,U0108,app_push,exposed,2026-05-01 17:19:00
T00500,C005,U0191,app_push,exposed,2026-05-01 17:20:00
T00501,C002,U0107,wechat,exposed,2026-05-01 17:21:00
T00502,C001,U0126,app_push,exposed,2026-05-01 17:22:00
T00503,C005,U0105,app_push,exposed,2026-05-01 17:23:00
T00504,C003,U0009,app_push,exposed,2026-05-01 17:24:00
T00505,C003,U0056,app_push,exposed,2026-05-01 17:25:00
T00506,C004,U0114,app_push,exposed,2026-05-01 17:26:00
T00507,C002,U0093,wechat,exposed,2026-05-01 17:27:00
T00508,C001,U0176,app_push,exposed,2026-05-01 17:28:00
T00509,C003,U0140,app_push,exposed,2026-05-01 17:29:00
T00510,C003,U0016,app_push,exposed,2026-05-01 17:30:00
T00511,C004,U0071,app_push,exposed,2026-05-01 17:31:00
T00512,C002,U0032,wechat,exposed,2026-05-01 17:32:00
T00513,C004,U0024,app_push,exposed,2026-05-01 17:33:00
T00514,C002,U0165,wechat,exposed,2026-05-01 17:34:00
T00515,C005,U0006,app_push,exposed,2026-05-01 17:35:00
T00516,C001,U0086,app_push,exposed,2026-05-01 17:36:00
T00517,C002,U0033,wechat,exposed,2026-05-01 17:37:00
T00518,C005,U0053,app_push,exposed,2026-05-01 17:38:00
T00519,C001,U0196,app_push,exposed,2026-05-01 17:39:00
T00520,C005,U0054,app_push,exposed,2026-05-01 17:40:00
T00521,C005,U0056,app_push,exposed,2026-05-01 17:41:00
T00522,C002,U0085,wechat,exposed,2026-05-01 17:42:00
T00523,C002,U0153,wechat,exposed,2026-05-01 17:43:00
T00524,C001,U0071,app_push,exposed,2026-05-01 17:44:00
T00525,C002,U0034,wechat,exposed,2026-05-01 17:45:00
T00526,C005,U0065,app_push,exposed,2026-05-01 17:46:00
T00527,C002,U0029,wechat,exposed,2026-05-01 17:47:00
T00528,C001,U0034,app_push,exposed,2026-05-01 17:48:00
T00529,C001,U0092,app_push,exposed,2026-05-01 17:49:00
T00530,C002,U0151,wechat,exposed,2026-05-01 17:50:00
T00531,C003,U0005,app_push,exposed,2026-05-01 17:51:00
T00532,C002,U0068,wechat,exposed,2026-05-01 17:52:00
T00533,C001,U0033,app_push,exposed,2026-05-01 17:53:00
T00534,C004,U0135,app_push,exposed,2026-05-01 17:54:00
T00535,C001,U0191,app_push,exposed,2026-05-01 17:55:00
T00536,C001,U0122,app_push,exposed,2026-05-01 17:56:00
T00537,C004,U0200,app_push,exposed,2026-05-01 17:57:00
T00538,C003,U0132,app_push,exposed,2026-05-01 17:58:00
T00539,C005,U0028,app_push,exposed,2026-05-01 17:59:00
T00540,C004,U0129,app_push,exposed,2026-05-01 18:00:00
T00541,C002,U0158,wechat,exposed,2026-05-01 18:01:00
T00542,C001,U0187,app_push,exposed,2026-05-01 18:02:00
T00543,C005,U0078,app_push,exposed,2026-05-01 18:03:00
T00544,C004,U0165,app_push,exposed,2026-05-01 18:04:00
T00545,C001,U0016,app_push,exposed,2026-05-01 18:05:00
T00546,C004,U0103,app_push,exposed,2026-05-01 18:06:00
T00547,C004,U0176,app_push,exposed,2026-05-01 18:07:00
T00548,C001,U0126,app_push,exposed,2026-05-01 18:08:00
T00549,C004,U0019,app_push,exposed,2026-05-01 18:09:00
T00550,C001,U0083,app_push,exposed,2026-05-01 18:10:00
T00551,C005,U0038,app_push,exposed,2026-05-01 18:11:00
T00552,C001,U0033,app_push,exposed,2026-05-01 18:12:00
T00553,C003,U0160,app_push,exposed,2026-05-01 18:13:00
T00554,C005,U0141,app_push,exposed,2026-05-01 18:14:00
T00555,C003,U0098,app_push,exposed,2026-05-01 18:15:00
T00556,C005,U0136,app_push,exposed,2026-05-01 18:16:00
T00557,C003,U0117,app_push,exposed,2026-05-01 18:17:00
T00558,C005,U0155,app_push,exposed,2026-05-01 18:18:00
T00559,C004,U0026,app_push,exposed,2026-05-01 18:19:00
T00560,C001,U0168,app_push,exposed,2026-05-01 18:20:00
T00561,C005,U0185,app_push,exposed,2026-05-01 18:21:00
T00562,C002,U0111,wechat,exposed,2026-05-01 18:22:00
T00563,C004,U0059,app_push,exposed,2026-05-01 18:23:00
T00564,C004,U0087,app_push,exposed,2026-05-01 18:24:00
T00565,C004,U0103,app_push,exposed,2026-05-01 18:25:00
T00566,C004,U0187,app_push,exposed,2026-05-01 18:26:00
T00567,C001,U0081,app_push,exposed,2026-05-01 18:27:00
T00568,C004,U0081,app_push,exposed,2026-05-01 18:28:00
T00569,C003,U0096,app_push,exposed,2026-05-01 18:29:00
T00570,C002,U0176,wechat,exposed,2026-05-01 18:30:00
T00571,C004,U0018,app_push,exposed,2026-05-01 18:31:00
T00572,C001,U0022,app_push,exposed,2026-05-01 18:32:00
T00573,C001,U0111,app_push,exposed,2026-05-01 18:33:00
T00574,C001,U0191,app_push,exposed,2026-05-01 18:34:00
T00575,C003,U0034,app_push,exposed,2026-05-01 18:35:00
T00576,C005,U0016,app_push,exposed,2026-05-01 18:36:00
T00577,C005,U0144,app_push,exposed,2026-05-01 18:37:00
T00578,C005,U0085,app_push,exposed,2026-05-01 18:38:00
T00579,C001,U0106,app_push,exposed,2026-05-01 18:39:00
T00580,C003,U0171,app_push,exposed,2026-05-01 18:40:00
T00581,C004,U0185,app_push,exposed,2026-05-01 18:41:00
T00582,C001,U0074,app_push,exposed,2026-05-01 18:42:00
T00583,C005,U0080,app_push,exposed,2026-05-01 18:43:00
T00584,C003,U0027,app_push,exposed,2026-05-01 18:44:00
T00585,C005,U0130,app_push,exposed,2026-05-01 18:45:00
T00586,C002,U0040,wechat,exposed,2026-05-01 18:46:00
T00587,C004,U0058,app_push,exposed,2026-05-01 18:47:00
T00588,C001,U0090,app_push,exposed,2026-05-01 18:48:00
T00589,C005,U0095,app_push,exposed,2026-05-01 18:49:00
T00590,C001,U0196,app_push,exposed,2026-05-01 18:50:00
T00591,C003,U0147,app_push,exposed,2026-05-01 18:51:00
T00592,C002,U0110,wechat,exposed,2026-05-01 18:52:00
T00593,C005,U0197,app_push,exposed,2026-05-01 18:53:00
T00594,C005,U0158,app_push,exposed,2026-05-01 18:54:00
T00595,C005,U0007,app_push,exposed,2026-05-01 18:55:00
T00596,C005,U0169,app_push,exposed,2026-05-01 18:56:00
T00597,C003,U0008,app_push,exposed,2026-05-01 18:57:00
T00598,C002,U0070,wechat,exposed,2026-05-01 18:58:00
T00599,C003,U0087,app_push,exposed,2026-05-01 18:59:00
T00600,C003,U0002,app_push,exposed,2026-05-01 19:00:00
T00601,C002,U0037,wechat,exposed,2026-05-01 19:01:00
T00602,C005,U0169,app_push,exposed,2026-05-01 19:02:00
T00603,C004,U0018,app_push,exposed,2026-05-01 19:03:00
T00604,C002,U0190,wechat,exposed,2026-05-01 19:04:00
T00605,C001,U0024,app_push,exposed,2026-05-01 19:05:00
T00606,C005,U0056,app_push,exposed,2026-05-01 19:06:00
T00607,C004,U0108,app_push,exposed,2026-05-01 19:07:00
T00608,C004,U0088,app_push,exposed,2026-05-01 19:08:00
T00609,C002,U0095,wechat,exposed,2026-05-01 19:09:00
T00610,C003,U0185,app_push,exposed,2026-05-01 19:10:00
T00611,C003,U0199,app_push,exposed,2026-05-01 19:11:00
T00612,C005,U0153,app_push,exposed,2026-05-01 19:12:00
T00613,C001,U0014,app_push,exposed,2026-05-01 19:13:00
T00614,C002,U0041,wechat,exposed,2026-05-01 19:14:00
T00615,C005,U0013,app_push,exposed,2026-05-01 19:15:00
T00616,C001,U0070,app_push,exposed,2026-05-01 19:16:00
T00617,C004,U0170,app_push,exposed,2026-05-01 19:17:00
T00618,C004,U0125,app_push,exposed,2026-05-01 19:18:00
T00619,C005,U0114,app_push,exposed,2026-05-01 19:19:00
T00620,C004,U0070,app_push,exposed,2026-05-01 19:20:00
T00621,C002,U0194,wechat,exposed,2026-05-01 19:21:00
T00622,C005,U0030,app_push,exposed,2026-05-01 19:22:00
T00623,C003,U0111,app_push,exposed,2026-05-01 19:23:00
T00624,C001,U0073,app_push,exposed,2026-05-01 19:24:00
T00625,C005,U0125,app_push,exposed,2026-05-01 19:25:00
T00626,C005,U0171,app_push,exposed,2026-05-01 19:26:00
T00627,C003,U0012,app_push,exposed,2026-05-01 19:27:00
T00628,C002,U0102,wechat,exposed,2026-05-01 19:28:00
T00629,C005,U0015,app_push,exposed,2026-05-01 19:29:00
T00630,C001,U0053,app_push,exposed,2026-05-01 19:30:00
T00631,C003,U0055,app_push,exposed,2026-05-01 19:31:00
T00632,C002,U0196,wechat,exposed,2026-05-01 19:32:00
T00633,C003,U0075,app_push,exposed,2026-05-01 19:33:00
T00634,C003,U0031,app_push,exposed,2026-05-01 19:34:00
T00635,C001,U0128,app_push,exposed,2026-05-01 19:35:00
T00636,C004,U0045,app_push,exposed,2026-05-01 19:36:00
T00637,C002,U0098,wechat,exposed,2026-05-01 19:37:00
T00638,C005,U0181,app_push,exposed,2026-05-01 19:38:00
T00639,C002,U0129,wechat,exposed,2026-05-01 19:39:00
T00640,C005,U0172,app_push,exposed,2026-05-01 19:40:00
T00641,C003,U0019,app_push,exposed,2026-05-01 19:41:00
T00642,C004,U0190,app_push,exposed,2026-05-01 19:42:00
T00643,C001,U0112,app_push,exposed,2026-05-01 19:43:00
T00644,C001,U0118,app_push,exposed,2026-05-01 19:44:00
T00645,C001,U0081,app_push,exposed,2026-05-01 19:45:00
T00646,C005,U0110,app_push,exposed,2026-05-01 19:46:00
T00647,C005,U0104,app_push,exposed,2026-05-01 19:47:00
T00648,C004,U0075,app_push,exposed,2026-05-01 19:48:00
T00649,C001,U0104,app_push,exposed,2026-05-01 19:49:00
T00650,C001,U0084,app_push,exposed,2026-05-01 19:50:00
T00651,C002,U0159,wechat,exposed,2026-05-01 19:51:00
T00652,C004,U0177,app_push,exposed,2026-05-01 19:52:00
T00653,C003,U0023,app_push,exposed,2026-05-01 19:53:00
T00654,C004,U0028,app_push,exposed,2026-05-01 19:54:00
T00655,C002,U0112,wechat,exposed,2026-05-01 19:55:00
T00656,C005,U0103,app_push,exposed,2026-05-01 19:56:00
T00657,C005,U0021,app_push,exposed,2026-05-01 19:57:00
T00658,C004,U0080,app_push,exposed,2026-05-01 19:58:00
T00659,C003,U0057,app_push,exposed,2026-05-01 19:59:00
T00660,C003,U0200,app_push,exposed,2026-05-01 20:00:00
T00661,C002,U0020,wechat,exposed,2026-05-01 20:01:00
T00662,C005,U0163,app_push,exposed,2026-05-01 20:02:00
T00663,C001,U0136,app_push,exposed,2026-05-01 20:03:00
T00664,C005,U0050,app_push,exposed,2026-05-01 20:04:00
T00665,C003,U0090,app_push,exposed,2026-05-01 20:05:00
T00666,C002,U0061,wechat,exposed,2026-05-01 20:06:00
T00667,C001,U0038,app_push,exposed,2026-05-01 20:07:00
T00668,C003,U0051,app_push,exposed,2026-05-01 20:08:00
T00669,C002,U0155,wechat,exposed,2026-05-01 20:09:00
T00670,C002,U0195,wechat,exposed,2026-05-01 20:10:00
T00671,C001,U0046,app_push,exposed,2026-05-01 20:11:00
T00672,C004,U0119,app_push,exposed,2026-05-01 20:12:00
T00673,C005,U0195,app_push,exposed,2026-05-01 20:13:00
T00674,C005,U0115,app_push,exposed,2026-05-01 20:14:00
T00675,C005,U0165,app_push,exposed,2026-05-01 20:15:00
T00676,C005,U0083,app_push,exposed,2026-05-01 20:16:00
T00677,C003,U0039,app_push,exposed,2026-05-01 20:17:00
T00678,C004,U0018,app_push,exposed,2026-05-01 20:18:00
T00679,C004,U0114,app_push,exposed,2026-05-01 20:19:00
T00680,C003,U0071,app_push,exposed,2026-05-01 20:20:00
T00681,C005,U0015,app_push,exposed,2026-05-01 20:21:00
T00682,C003,U0130,app_push,exposed,2026-05-01 20:22:00
T00683,C001,U0080,app_push,exposed,2026-05-01 20:23:00
T00684,C004,U0116,app_push,exposed,2026-05-01 20:24:00
T00685,C001,U0015,app_push,exposed,2026-05-01 20:25:00
T00686,C003,U0074,app_push,exposed,2026-05-01 20:26:00
T00687,C001,U0166,app_push,exposed,2026-05-01 20:27:00
T00688,C001,U0158,app_push,exposed,2026-05-01 20:28:00
T00689,C005,U0130,app_push,exposed,2026-05-01 20:29:00
T00690,C004,U0119,app_push,exposed,2026-05-01 20:30:00
T00691,C005,U0142,app_push,exposed,2026-05-01 20:31:00
T00692,C001,U0116,app_push,exposed,2026-05-01 20:32:00
T00693,C005,U0167,app_push,exposed,2026-05-01 20:33:00
T00694,C002,U0083,wechat,exposed,2026-05-01 20:34:00
T00695,C005,U0122,app_push,exposed,2026-05-01 20:35:00
T00696,C005,U0039,app_push,exposed,2026-05-01 20:36:00
T00697,C001,U0116,app_push,exposed,2026-05-01 20:37:00
T00698,C001,U0088,app_push,exposed,2026-05-01 20:38:00
T00699,C001,U0130,app_push,exposed,2026-05-01 20:39:00
T00700,C002,U0011,wechat,exposed,2026-05-01 20:40:00
T00701,C002,U0182,wechat,exposed,2026-05-01 20:41:00
T00702,C004,U0113,app_push,exposed,2026-05-01 20:42:00
T00703,C005,U0134,app_push,exposed,2026-05-01 20:43:00
T00704,C005,U0041,app_push,exposed,2026-05-01 20:44:00
T00705,C003,U0096,app_push,exposed,2026-05-01 20:45:00
T00706,C003,U0100,app_push,exposed,2026-05-01 20:46:00
T00707,C004,U0199,app_push,exposed,2026-05-01 20:47:00
T00708,C003,U0174,app_push,exposed,2026-05-01 20:48:00
T00709,C005,U0014,app_push,exposed,2026-05-01 20:49:00
T00710,C003,U0017,app_push,exposed,2026-05-01 20:50:00
T00711,C003,U0025,app_push,exposed,2026-05-01 20:51:00
T00712,C005,U0174,app_push,exposed,2026-05-01 20:52:00
T00713,C004,U0073,app_push,exposed,2026-05-01 20:53:00
T00714,C003,U0186,app_push,exposed,2026-05-01 20:54:00
T00715,C005,U0039,app_push,exposed,2026-05-01 20:55:00
T00716,C003,U0021,app_push,exposed,2026-05-01 20:56:00
T00717,C005,U0170,app_push,exposed,2026-05-01 20:57:00
T00718,C002,U0090,wechat,exposed,2026-05-01 20:58:00
T00719,C003,U0168,app_push,exposed,2026-05-01 20:59:00
T00720,C004,U0034,app_push,exposed,2026-05-01 21:00:00
T00721,C005,U0182,app_push,exposed,2026-05-01 21:01:00
T00722,C001,U0080,app_push,exposed,2026-05-01 21:02:00
T00723,C005,U0097,app_push,exposed,2026-05-01 21:03:00
T00724,C003,U0033,app_push,exposed,2026-05-01 21:04:00
T00725,C005,U0024,app_push,exposed,2026-05-01 21:05:00
T00726,C004,U0131,app_push,exposed,2026-05-01 21:06:00
T00727,C003,U0005,app_push,exposed,2026-05-01 21:07:00
T00728,C003,U0080,app_push,exposed,2026-05-01 21:08:00
T00729,C002,U0055,wechat,exposed,2026-05-01 21:09:00
T00730,C003,U0197,app_push,exposed,2026-05-01 21:10:00
T00731,C004,U0050,app_push,exposed,2026-05-01 21:11:00
T00732,C002,U0036,wechat,exposed,2026-05-01 21:12:00
T00733,C002,U0020,wechat,exposed,2026-05-01 21:13:00
T00734,C003,U0026,app_push,exposed,2026-05-01 21:14:00
T00735,C005,U0198,app_push,exposed,2026-05-01 21:15:00
T00736,C005,U0190,app_push,exposed,2026-05-01 21:16:00
T00737,C005,U0010,app_push,exposed,2026-05-01 21:17:00
T00738,C003,U0197,app_push,exposed,2026-05-01 21:18:00
T00739,C005,U0034,app_push,exposed,2026-05-01 21:19:00
T00740,C005,U0097,app_push,exposed,2026-05-01 21:20:00
T00741,C002,U0042,wechat,exposed,2026-05-01 21:21:00
T00742,C002,U0178,wechat,exposed,2026-05-01 21:22:00
T00743,C005,U0043,app_push,exposed,2026-05-01 21:23:00
T00744,C004,U0012,app_push,exposed,2026-05-01 21:24:00
T00745,C004,U0094,app_push,exposed,2026-05-01 21:25:00
T00746,C002,U0114,wechat,exposed,2026-05-01 21:26:00
T00747,C005,U0073,app_push,exposed,2026-05-01 21:27:00
T00748,C004,U0060,app_push,exposed,2026-05-01 21:28:00
T00749,C005,U0062,app_push,exposed,2026-05-01 21:29:00
T00750,C003,U0121,app_push,exposed,2026-05-01 21:30:00
T00751,C002,U0095,wechat,exposed,2026-05-01 21:31:00
T00752,C005,U0113,app_push,exposed,2026-05-01 21:32:00
T00753,C004,U0197,app_push,exposed,2026-05-01 21:33:00
T00754,C003,U0200,app_push,exposed,2026-05-01 21:34:00
T00755,C004,U0129,app_push,exposed,2026-05-01 21:35:00
T00756,C005,U0108,app_push,exposed,2026-05-01 21:36:00
T00757,C002,U0052,wechat,exposed,2026-05-01 21:37:00
T00758,C005,U0036,app_push,exposed,2026-05-01 21:38:00
T00759,C003,U0014,app_push,exposed,2026-05-01 21:39:00
T00760,C004,U0096,app_push,exposed,2026-05-01 21:40:00
T00761,C005,U0027,app_push,exposed,2026-05-01 21:41:00
T00762,C005,U0032,app_push,exposed,2026-05-01 21:42:00
T00763,C003,U0022,app_push,exposed,2026-05-01 21:43:00
T00764,C002,U0070,wechat,exposed,2026-05-01 21:44:00
T00765,C004,U0132,app_push,exposed,2026-05-01 21:45:00
T00766,C002,U0112,wechat,exposed,2026-05-01 21:46:00
T00767,C001,U0057,app_push,exposed,2026-05-01 21:47:00
T00768,C004,U0090,app_push,exposed,2026-05-01 21:48:00
T00769,C001,U0107,app_push,exposed,2026-05-01 21:49:00
T00770,C001,U0102,app_push,exposed,2026-05-01 21:50:00
T00771,C005,U0096,app_push,exposed,2026-05-01 21:51:00
T00772,C002,U0099,wechat,exposed,2026-05-01 21:52:00
T00773,C001,U0096,app_push,exposed,2026-05-01 21:53:00
T00774,C002,U0008,wechat,exposed,2026-05-01 21:54:00
T00775,C003,U0026,app_push,exposed,2026-05-01 21:55:00
T00776,C003,U0038,app_push,exposed,2026-05-01 21:56:00
T00777,C002,U0010,wechat,exposed,2026-05-01 21:57:00
T00778,C003,U0121,app_push,exposed,2026-05-01 21:58:00
T00779,C002,U0195,wechat,exposed,2026-05-01 21:59:00
T00780,C004,U0115,app_push,exposed,2026-05-01 22:00:00
T00781,C005,U0002,app_push,exposed,2026-05-01 22:01:00
T00782,C001,U0005,app_push,exposed,2026-05-01 22:02:00
T00783,C003,U0056,app_push,exposed,2026-05-01 22:03:00
T00784,C002,U0141,wechat,exposed,2026-05-01 22:04:00
T00785,C005,U0136,app_push,exposed,2026-05-01 22:05:00
T00786,C004,U0029,app_push,exposed,2026-05-01 22:06:00
T00787,C003,U0061,app_push,exposed,2026-05-01 22:07:00
T00788,C003,U0032,app_push,exposed,2026-05-01 22:08:00
T00789,C001,U0062,app_push,exposed,2026-05-01 22:09:00
T00790,C004,U0164,app_push,exposed,2026-05-01 22:10:00
T00791,C005,U0118,app_push,exposed,2026-05-01 22:11:00
T00792,C001,U0029,app_push,exposed,2026-05-01 22:12:00
T00793,C004,U0153,app_push,exposed,2026-05-01 22:13:00
T00794,C005,U0005,app_push,exposed,2026-05-01 22:14:00
T00795,C005,U0148,app_push,exposed,2026-05-01 22:15:00
T00796,C002,U0184,wechat,exposed,2026-05-01 22:16:00
T00797,C002,U0075,wechat,exposed,2026-05-01 22:17:00
T00798,C004,U0001,app_push,exposed,2026-05-01 22:18:00
T00799,C005,U0091,app_push,exposed,2026-05-01 22:19:00
T00800,C002,U0147,wechat,exposed,2026-05-01 22:20:00
T00801,C004,U0048,app_push,exposed,2026-05-01 22:21:00
T00802,C001,U0135,app_push,exposed,2026-05-01 22:22:00
T00803,C003,U0018,app_push,exposed,2026-05-01 22:23:00
T00804,C005,U0140,app_push,exposed,2026-05-01 22:24:00
T00805,C005,U0130,app_push,exposed,2026-05-01 22:25:00
T00806,C005,U0006,app_push,exposed,2026-05-01 22:26:00
T00807,C004,U0121,app_push,exposed,2026-05-01 22:27:00
T00808,C001,U0163,app_push,exposed,2026-05-01 22:28:00
T00809,C004,U0096,app_push,exposed,2026-05-01 22:29:00
T00810,C003,U0192,app_push,exposed,2026-05-01 22:30:00
T00811,C001,U0092,app_push,exposed,2026-05-01 22:31:00
T00812,C001,U0089,app_push,exposed,2026-05-01 22:32:00
T00813,C002,U0188,wechat,exposed,2026-05-01 22:33:00
T00814,C001,U0198,app_push,exposed,2026-05-01 22:34:00
T00815,C005,U0189,app_push,exposed,2026-05-01 22:35:00
T00816,C003,U0035,app_push,exposed,2026-05-01 22:36:00
T00817,C001,U0091,app_push,exposed,2026-05-01 22:37:00
T00818,C005,U0087,app_push,exposed,2026-05-01 22:38:00
T00819,C002,U0200,wechat,exposed,2026-05-01 22:39:00
T00820,C004,U0179,app_push,exposed,2026-05-01 22:40:00
T00821,C004,U0162,app_push,exposed,2026-05-01 22:41:00
T00822,C002,U0035,wechat,exposed,2026-05-01 22:42:00
T00823,C001,U0184,app_push,exposed,2026-05-01 22:43:00
T00824,C004,U0010,app_push,exposed,2026-05-01 22:44:00
T00825,C003,U0052,app_push,exposed,2026-05-01 22:45:00
T00826,C001,U0052,app_push,exposed,2026-05-01 22:46:00
T00827,C001,U0081,app_push,exposed,2026-05-01 22:47:00
T00828,C003,U0132,app_push,exposed,2026-05-01 22:48:00
T00829,C004,U0140,app_push,exposed,2026-05-01 22:49:00
T00830,C004,U0065,app_push,exposed,2026-05-01 22:50:00
T00831,C001,U0193,app_push,exposed,2026-05-01 22:51:00
T00832,C002,U0074,wechat,exposed,2026-05-01 22:52:00
T00833,C003,U0200,app_push,exposed,2026-05-01 22:53:00
T00834,C001,U0168,app_push,exposed,2026-05-01 22:54:00
T00835,C003,U0070,app_push,exposed,2026-05-01 22:55:00
T00836,C001,U0095,app_push,exposed,2026-05-01 22:56:00
T00837,C004,U0103,app_push,exposed,2026-05-01 22:57:00
T00838,C004,U0099,app_push,exposed,2026-05-01 22:58:00
T00839,C003,U0048,app_push,exposed,2026-05-01 22:59:00
T00840,C004,U0178,app_push,exposed,2026-05-01 23:00:00
T00841,C004,U0095,app_push,exposed,2026-05-01 23:01:00
T00842,C005,U0069,app_push,exposed,2026-05-01 23:02:00
T00843,C001,U0187,app_push,exposed,2026-05-01 23:03:00
T00844,C004,U0021,app_push,exposed,2026-05-01 23:04:00
T00845,C004,U0155,app_push,exposed,2026-05-01 23:05:00
T00846,C002,U0140,wechat,exposed,2026-05-01 23:06:00
T00847,C003,U0083,app_push,exposed,2026-05-01 23:07:00
T00848,C001,U0021,app_push,exposed,2026-05-01 23:08:00
T00849,C003,U0170,app_push,exposed,2026-05-01 23:09:00
T00850,C003,U0079,app_push,exposed,2026-05-01 23:10:00
T00851,C004,U0155,app_push,exposed,2026-05-01 23:11:00
T00852,C004,U0043,app_push,exposed,2026-05-01 23:12:00
T00853,C004,U0090,app_push,exposed,2026-05-01 23:13:00
T00854,C004,U0011,app_push,exposed,2026-05-01 23:14:00
T00855,C003,U0158,app_push,exposed,2026-05-01 23:15:00
T00856,C004,U0071,app_push,exposed,2026-05-01 23:16:00
T00857,C001,U0020,app_push,exposed,2026-05-01 23:17:00
T00858,C004,U0094,app_push,exposed,2026-05-01 23:18:00
T00859,C005,U0192,app_push,exposed,2026-05-01 23:19:00
T00860,C002,U0008,wechat,exposed,2026-05-01 23:20:00
T00861,C002,U0156,wechat,exposed,2026-05-01 23:21:00
T00862,C004,U0009,app_push,exposed,2026-05-01 23:22:00
T00863,C002,U0018,wechat,exposed,2026-05-01 23:23:00
T00864,C002,U0200,wechat,exposed,2026-05-01 23:24:00
T00865,C003,U0093,app_push,exposed,2026-05-01 23:25:00
T00866,C004,U0146,app_push,exposed,2026-05-01 23:26:00
T00867,C001,U0155,app_push,exposed,2026-05-01 23:27:00
T00868,C002,U0174,wechat,exposed,2026-05-01 23:28:00
T00869,C004,U0095,app_push,exposed,2026-05-01 23:29:00
T00870,C003,U0114,app_push,exposed,2026-05-01 23:30:00
T00871,C001,U0147,app_push,exposed,2026-05-01 23:31:00
T00872,C002,U0136,wechat,exposed,2026-05-01 23:32:00
T00873,C003,U0102,app_push,exposed,2026-05-01 23:33:00
T00874,C003,U0167,app_push,exposed,2026-05-01 23:34:00
T00875,C003,U0064,app_push,exposed,2026-05-01 23:35:00
T00876,C001,U0007,app_push,exposed,2026-05-01 23:36:00
T00877,C002,U0128,wechat,exposed,2026-05-01 23:37:00
T00878,C005,U0100,app_push,exposed,2026-05-01 23:38:00
T00879,C005,U0031,app_push,exposed,2026-05-01 23:39:00
T00880,C003,U0199,app_push,exposed,2026-05-01 23:40:00
T00881,C003,U0181,app_push,exposed,2026-05-01 23:41:00
T00882,C004,U0055,app_push,exposed,2026-05-01 23:42:00
T00883,C005,U0074,app_push,exposed,2026-05-01 23:43:00
T00884,C004,U0052,app_push,exposed,2026-05-01 23:44:00
T00885,C001,U0035,app_push,exposed,2026-05-01 23:45:00
T00886,C001,U0116,app_push,exposed,2026-05-01 23:46:00
T00887,C002,U0183,wechat,exposed,2026-05-01 23:47:00
T00888,C004,U0023,app_push,exposed,2026-05-01 23:48:00
T00889,C003,U0171,app_push,exposed,2026-05-01 23:49:00
T00890,C003,U0182,app_push,exposed,2026-05-01 23:50:00
T00891,C001,U0141,app_push,exposed,2026-05-01 23:51:00
T00892,C005,U0075,app_push,exposed,2026-05-01 23:52:00
T00893,C003,U0041,app_push,exposed,2026-05-01 23:53:00
T00894,C002,U0093,wechat,exposed,2026-05-01 23:54:00
T00895,C005,U0058,app_push,exposed,2026-05-01 23:55:00
T00896,C001,U0052,app_push,exposed,2026-05-01 23:56:00
T00897,C002,U0061,wechat,exposed,2026-05-01 23:57:00
T00898,C004,U0007,app_push,exposed,2026-05-01 23:58:00
T00899,C003,U0142,app_push,exposed,2026-05-01 23:59:00
T00900,C005,U0095,app_push,exposed,2026-05-02 00:00:00
T00901,C004,U0142,app_push,exposed,2026-05-02 00:01:00
T00902,C002,U0157,wechat,exposed,2026-05-02 00:02:00
T00903,C001,U0017,app_push,exposed,2026-05-02 00:03:00
T00904,C003,U0102,app_push,exposed,2026-05-02 00:04:00
T00905,C004,U0135,app_push,exposed,2026-05-02 00:05:00
T00906,C004,U0197,app_push,exposed,2026-05-02 00:06:00
T00907,C004,U0148,app_push,exposed,2026-05-02 00:07:00
T00908,C001,U0033,app_push,exposed,2026-05-02 00:08:00
T00909,C003,U0165,app_push,exposed,2026-05-02 00:09:00
T00910,C001,U0116,app_push,exposed,2026-05-02 00:10:00
T00911,C004,U0175,app_push,exposed,2026-05-02 00:11:00
T00912,C005,U0089,app_push,exposed,2026-05-02 00:12:00
T00913,C002,U0200,wechat,exposed,2026-05-02 00:13:00
T00914,C005,U0164,app_push,exposed,2026-05-02 00:14:00
T00915,C005,U0047,app_push,exposed,2026-05-02 00:15:00
T00916,C002,U0111,wechat,exposed,2026-05-02 00:16:00
T00917,C005,U0015,app_push,exposed,2026-05-02 00:17:00
T00918,C001,U0133,app_push,exposed,2026-05-02 00:18:00
T00919,C002,U0078,wechat,exposed,2026-05-02 00:19:00
T00920,C002,U0042,wechat,exposed,2026-05-02 00:20:00
T00921,C003,U0182,app_push,exposed,2026-05-02 00:21:00
T00922,C002,U0089,wechat,exposed,2026-05-02 00:22:00
T00923,C005,U0073,app_push,exposed,2026-05-02 00:23:00
T00924,C001,U0065,app_push,exposed,2026-05-02 00:24:00
T00925,C002,U0163,wechat,exposed,2026-05-02 00:25:00
T00926,C005,U0071,app_push,exposed,2026-05-02 00:26:00
T00927,C002,U0161,wechat,exposed,2026-05-02 00:27:00
T00928,C003,U0158,app_push,exposed,2026-05-02 00:28:00
T00929,C005,U0024,app_push,exposed,2026-05-02 00:29:00
T00930,C005,U0165,app_push,exposed,2026-05-02 00:30:00
T00931,C002,U0152,wechat,exposed,2026-05-02 00:31:00
T00932,C005,U0040,app_push,exposed,2026-05-02 00:32:00
T00933,C002,U0169,wechat,exposed,2026-05-02 00:33:00
T00934,C005,U0185,app_push,exposed,2026-05-02 00:34:00
T00935,C005,U0087,app_push,exposed,2026-05-02 00:35:00
T00936,C005,U0011,app_push,exposed,2026-05-02 00:36:00
T00937,C001,U0021,app_push,exposed,2026-05-02 00:37:00
T00938,C001,U0165,app_push,exposed,2026-05-02 00:38:00
T00939,C005,U0068,app_push,exposed,2026-05-02 00:39:00
T00940,C002,U0197,wechat,exposed,2026-05-02 00:40:00
T00941,C005,U0107,app_push,exposed,2026-05-02 00:41:00
T00942,C005,U0164,app_push,exposed,2026-05-02 00:42:00
T00943,C001,U0128,app_push,exposed,2026-05-02 00:43:00
T00944,C005,U0075,app_push,exposed,2026-05-02 00:44:00
T00945,C003,U0124,app_push,exposed,2026-05-02 00:45:00
T00946,C002,U0176,wechat,exposed,2026-05-02 00:46:00
T00947,C004,U0077,app_push,exposed,2026-05-02 00:47:00
T00948,C004,U0019,app_push,exposed,2026-05-02 00:48:00
T00949,C001,U0041,app_push,exposed,2026-05-02 00:49:00
T00950,C004,U0107,app_push,exposed,2026-05-02 00:50:00
T00951,C004,U0119,app_push,exposed,2026-05-02 00:51:00
T00952,C002,U0088,wechat,exposed,2026-05-02 00:52:00
T00953,C005,U0037,app_push,exposed,2026-05-02 00:53:00
T00954,C003,U0184,app_push,exposed,2026-05-02 00:54:00
T00955,C003,U0188,app_push,exposed,2026-05-02 00:55:00
T00956,C003,U0103,app_push,exposed,2026-05-02 00:56:00
T00957,C002,U0195,wechat,exposed,2026-05-02 00:57:00
T00958,C003,U0132,app_push,exposed,2026-05-02 00:58:00
T00959,C005,U0028,app_push,exposed,2026-05-02 00:59:00
T00960,C003,U0062,app_push,exposed,2026-05-02 01:00:00
T00961,C004,U0032,app_push,exposed,2026-05-02 01:01:00
T00962,C003,U0116,app_push,exposed,2026-05-02 01:02:00
T00963,C002,U0037,wechat,exposed,2026-05-02 01:03:00
T00964,C001,U0013,app_push,exposed,2026-05-02 01:04:00
T00965,C003,U0099,app_push,exposed,2026-05-02 01:05:00
T00966,C005,U0108,app_push,exposed,2026-05-02 01:06:00
T00967,C002,U0041,wechat,exposed,2026-05-02 01:07:00
T00968,C003,U0148,app_push,exposed,2026-05-02 01:08:00
T00969,C003,U0049,app_push,exposed,2026-05-02 01:09:00
T00970,C002,U0128,wechat,exposed,2026-05-02 01:10:00
T00971,C005,U0120,app_push,exposed,2026-05-02 01:11:00
T00972,C004,U0079,app_push,exposed,2026-05-02 01:12:00
T00973,C004,U0006,app_push,exposed,2026-05-02 01:13:00
T00974,C001,U0101,app_push,exposed,2026-05-02 01:14:00
T00975,C005,U0118,app_push,exposed,2026-05-02 01:15:00
T00976,C002,U0056,wechat,exposed,2026-05-02 01:16:00
T00977,C005,U0091,app_push,exposed,2026-05-02 01:17:00
T00978,C001,U0013,app_push,exposed,2026-05-02 01:18:00
T00979,C003,U0127,app_push,exposed,2026-05-02 01:19:00
T00980,C005,U0168,app_push,exposed,2026-05-02 01:20:00
T00981,C004,U0074,app_push,exposed,2026-05-02 01:21:00
T00982,C005,U0003,app_push,exposed,2026-05-02 01:22:00
T00983,C001,U0111,app_push,exposed,2026-05-02 01:23:00
T00984,C002,U0068,wechat,exposed,2026-05-02 01:24:00
T00985,C003,U0196,app_push,exposed,2026-05-02 01:25:00
T00986,C004,U0094,app_push,exposed,2026-05-02 01:26:00
T00987,C001,U0103,app_push,exposed,2026-05-02 01:27:00
T00988,C001,U0146,app_push,exposed,2026-05-02 01:28:00
T00989,C005,U0050,app_push,exposed,2026-05-02 01:29:00
T00990,C003,U0142,app_push,exposed,2026-05-02 01:30:00
T00991,C003,U0019,app_push,exposed,2026-05-02 01:31:00
T00992,C004,U0130,app_push,exposed,2026-05-02 01:32:00
T00993,C004,U0196,app_push,exposed,2026-05-02 01:33:00
T00994,C005,U0072,app_push,exposed,2026-05-02 01:34:00
T00995,C005,U0175,app_push,exposed,2026-05-02 01:35:00
T00996,C005,U0031,app_push,exposed,2026-05-02 01:36:00
T00997,C002,U0025,wechat,exposed,2026-05-02 01:37:00
T00998,C004,U0096,app_push,exposed,2026-05-02 01:38:00
T00999,C003,U0143,app_push,exposed,2026-05-02 01:39:00
T01000,C003,U0194,app_push,exposed,2026-05-02 01:40:00
T01001,C002,U0051,wechat,exposed,2026-05-02 01:41:00
T01002,C005,U0131,app_push,exposed,2026-05-02 01:42:00
T01003,C004,U0129,app_push,exposed,2026-05-02 01:43:00
T01004,C001,U0012,app_push,exposed,2026-05-02 01:44:00
T01005,C001,U0036,app_push,exposed,2026-05-02 01:45:00
T01006,C003,U0122,app_push,exposed,2026-05-02 01:46:00
T01007,C005,U0117,app_push,exposed,2026-05-02 01:47:00
T01008,C002,U0156,wechat,exposed,2026-05-02 01:48:00
T01009,C005,U0036,app_push,exposed,2026-05-02 01:49:00
T01010,C003,U0157,app_push,exposed,2026-05-02 01:50:00
T01011,C003,U0042,app_push,exposed,2026-05-02 01:51:00
T01012,C004,U0158,app_push,exposed,2026-05-02 01:52:00
T01013,C003,U0152,app_push,exposed,2026-05-02 01:53:00
T01014,C003,U0130,app_push,exposed,2026-05-02 01:54:00
T01015,C005,U0137,app_push,exposed,2026-05-02 01:55:00
T01016,C004,U0182,app_push,exposed,2026-05-02 01:56:00
T01017,C005,U0077,app_push,exposed,2026-05-02 01:57:00
T01018,C004,U0005,app_push,exposed,2026-05-02 01:58:00
T01019,C003,U0085,app_push,exposed,2026-05-02 01:59:00
T01020,C001,U0107,app_push,exposed,2026-05-02 02:00:00
T01021,C005,U0079,app_push,exposed,2026-05-02 02:01:00
T01022,C001,U0153,app_push,exposed,2026-05-02 02:02:00
T01023,C004,U0068,app_push,exposed,2026-05-02 02:03:00
T01024,C005,U0148,app_push,exposed,2026-05-02 02:04:00
T01025,C002,U0185,wechat,exposed,2026-05-02 02:05:00
T01026,C001,U0150,app_push,exposed,2026-05-02 02:06:00
T01027,C004,U0044,app_push,exposed,2026-05-02 02:07:00
T01028,C005,U0162,app_push,exposed,2026-05-02 02:08:00
T01029,C005,U0199,app_push,exposed,2026-05-02 02:09:00
T01030,C004,U0038,app_push,exposed,2026-05-02 02:10:00
T01031,C002,U0009,wechat,exposed,2026-05-02 02:11:00
T01032,C005,U0180,app_push,exposed,2026-05-02 02:12:00
T01033,C001,U0049,app_push,exposed,2026-05-02 02:13:00
T01034,C001,U0113,app_push,exposed,2026-05-02 02:14:00
T01035,C003,U0108,app_push,exposed,2026-05-02 02:15:00
T01036,C002,U0106,wechat,exposed,2026-05-02 02:16:00
T01037,C002,U0106,wechat,exposed,2026-05-02 02:17:00
T01038,C005,U0199,app_push,exposed,2026-05-02 02:18:00
T01039,C005,U0121,app_push,exposed,2026-05-02 02:19:00
T01040,C001,U0181,app_push,exposed,2026-05-02 02:20:00
T01041,C002,U0133,wechat,exposed,2026-05-02 02:21:00
T01042,C002,U0144,wechat,exposed,2026-05-02 02:22:00
T01043,C003,U0170,app_push,exposed,2026-05-02 02:23:00
T01044,C004,U0135,app_push,exposed,2026-05-02 02:24:00
T01045,C004,U0081,app_push,exposed,2026-05-02 02:25:00
T01046,C002,U0118,wechat,exposed,2026-05-02 02:26:00
T01047,C005,U0088,app_push,exposed,2026-05-02 02:27:00
T01048,C005,U0091,app_push,exposed,2026-05-02 02:28:00
T01049,C003,U0157,app_push,exposed,2026-05-02 02:29:00
T01050,C004,U0050,app_push,exposed,2026-05-02 02:30:00
T01051,C002,U0072,wechat,exposed,2026-05-02 02:31:00
T01052,C005,U0077,app_push,exposed,2026-05-02 02:32:00
T01053,C002,U0077,wechat,exposed,2026-05-02 02:33:00
T01054,C003,U0181,app_push,exposed,2026-05-02 02:34:00
T01055,C002,U0177,wechat,exposed,2026-05-02 02:35:00
T01056,C004,U0082,app_push,exposed,2026-05-02 02:36:00
T01057,C004,U0090,app_push,exposed,2026-05-02 02:37:00
T01058,C005,U0185,app_push,exposed,2026-05-02 02:38:00
T01059,C003,U0074,app_push,exposed,2026-05-02 02:39:00
T01060,C001,U0147,app_push,exposed,2026-05-02 02:40:00
T01061,C005,U0098,app_push,exposed,2026-05-02 02:41:00
T01062,C004,U0089,app_push,exposed,2026-05-02 02:42:00
T01063,C002,U0075,wechat,exposed,2026-05-02 02:43:00
T01064,C001,U0074,app_push,exposed,2026-05-02 02:44:00
T01065,C001,U0089,app_push,exposed,2026-05-02 02:45:00
T01066,C004,U0168,app_push,exposed,2026-05-02 02:46:00
T01067,C003,U0192,app_push,exposed,2026-05-02 02:47:00
T01068,C004,U0055,app_push,exposed,2026-05-02 02:48:00
T01069,C002,U0138,wechat,exposed,2026-05-02 02:49:00
T01070,C003,U0144,app_push,exposed,2026-05-02 02:50:00
T01071,C003,U0036,app_push,exposed,2026-05-02 02:51:00
T01072,C001,U0158,app_push,exposed,2026-05-02 02:52:00
T01073,C005,U0062,app_push,exposed,2026-05-02 02:53:00
T01074,C002,U0013,wechat,exposed,2026-05-02 02:54:00
T01075,C005,U0058,app_push,exposed,2026-05-02 02:55:00
T01076,C002,U0014,wechat,exposed,2026-05-02 02:56:00
T01077,C001,U0106,app_push,exposed,2026-05-02 02:57:00
T01078,C003,U0184,app_push,exposed,2026-05-02 02:58:00
T01079,C004,U0026,app_push,exposed,2026-05-02 02:59:00
T01080,C002,U0002,wechat,exposed,2026-05-02 03:00:00
T01081,C005,U0041,app_push,exposed,2026-05-02 03:01:00
T01082,C004,U0168,app_push,exposed,2026-05-02 03:02:00
T01083,C004,U0123,app_push,exposed,2026-05-02 03:03:00
T01084,C002,U0194,wechat,exposed,2026-05-02 03:04:00
T01085,C003,U0083,app_push,exposed,2026-05-02 03:05:00
T01086,C003,U0166,app_push,exposed,2026-05-02 03:06:00
T01087,C001,U0197,app_push,exposed,2026-05-02 03:07:00
T01088,C001,U0167,app_push,exposed,2026-05-02 03:08:00
T01089,C005,U0060,app_push,exposed,2026-05-02 03:09:00
T01090,C005,U0190,app_push,exposed,2026-05-02 03:10:00
T01091,C001,U0045,app_push,exposed,2026-05-02 03:11:00
T01092,C004,U0046,app_push,exposed,2026-05-02 03:12:00
T01093,C001,U0102,app_push,exposed,2026-05-02 03:13:00
T01094,C004,U0048,app_push,exposed,2026-05-02 03:14:00
T01095,C003,U0010,app_push,exposed,2026-05-02 03:15:00
T01096,C001,U0077,app_push,exposed,2026-05-02 03:16:00
T01097,C005,U0155,app_push,exposed,2026-05-02 03:17:00
T01098,C001,U0086,app_push,exposed,2026-05-02 03:18:00
T01099,C003,U0117,app_push,exposed,2026-05-02 03:19:00
T01100,C005,U0135,app_push,exposed,2026-05-02 03:20:00
T01101,C004,U0035,app_push,exposed,2026-05-02 03:21:00
T01102,C005,U0120,app_push,exposed,2026-05-02 03:22:00
T01103,C003,U0050,app_push,exposed,2026-05-02 03:23:00
T01104,C001,U0085,app_push,exposed,2026-05-02 03:24:00
T01105,C002,U0188,wechat,exposed,2026-05-02 03:25:00
T01106,C004,U0166,app_push,exposed,2026-05-02 03:26:00
T01107,C003,U0184,app_push,exposed,2026-05-02 03:27:00
T01108,C002,U0004,wechat,exposed,2026-05-02 03:28:00
T01109,C003,U0076,app_push,exposed,2026-05-02 03:29:00
T01110,C005,U0173,app_push,exposed,2026-05-02 03:30:00
T01111,C002,U0045,wechat,exposed,2026-05-02 03:31:00
T01112,C005,U0164,app_push,exposed,2026-05-02 03:32:00
T01113,C004,U0110,app_push,exposed,2026-05-02 03:33:00
T01114,C005,U0084,app_push,exposed,2026-05-02 03:34:00
T01115,C001,U0103,app_push,exposed,2026-05-02 03:35:00
T01116,C001,U0048,app_push,exposed,2026-05-02 03:36:00
T01117,C002,U0123,wechat,exposed,2026-05-02 03:37:00
T01118,C003,U0064,app_push,exposed,2026-05-02 03:38:00
T01119,C001,U0067,app_push,exposed,2026-05-02 03:39:00
T01120,C004,U0061,app_push,exposed,2026-05-02 03:40:00
T01121,C004,U0193,app_push,exposed,2026-05-02 03:41:00
T01122,C003,U0085,app_push,exposed,2026-05-02 03:42:00
T01123,C003,U0150,app_push,exposed,2026-05-02 03:43:00
T01124,C005,U0003,app_push,exposed,2026-05-02 03:44:00
T01125,C003,U0168,app_push,exposed,2026-05-02 03:45:00
T01126,C003,U0178,app_push,exposed,2026-05-02 03:46:00
T01127,C002,U0016,wechat,exposed,2026-05-02 03:47:00
T01128,C001,U0120,app_push,exposed,2026-05-02 03:48:00
T01129,C003,U0041,app_push,exposed,2026-05-02 03:49:00
T01130,C004,U0176,app_push,exposed,2026-05-02 03:50:00
T01131,C005,U0181,app_push,exposed,2026-05-02 03:51:00
T01132,C003,U0177,app_push,exposed,2026-05-02 03:52:00
T01133,C001,U0164,app_push,exposed,2026-05-02 03:53:00
T01134,C003,U0095,app_push,exposed,2026-05-02 03:54:00
T01135,C005,U0057,app_push,exposed,2026-05-02 03:55:00
T01136,C002,U0035,wechat,exposed,2026-05-02 03:56:00
T01137,C004,U0040,app_push,exposed,2026-05-02 03:57:00
T01138,C004,U0192,app_push,exposed,2026-05-02 03:58:00
T01139,C005,U0096,app_push,exposed,2026-05-02 03:59:00
T01140,C004,U0180,app_push,exposed,2026-05-02 04:00:00
T01141,C005,U0121,app_push,exposed,2026-05-02 04:01:00
T01142,C005,U0171,app_push,exposed,2026-05-02 04:02:00
T01143,C002,U0196,wechat,exposed,2026-05-02 04:03:00
T01144,C002,U0175,wechat,exposed,2026-05-02 04:04:00
T01145,C005,U0021,app_push,exposed,2026-05-02 04:05:00
T01146,C005,U0115,app_push,exposed,2026-05-02 04:06:00
T01147,C005,U0181,app_push,exposed,2026-05-02 04:07:00
T01148,C003,U0020,app_push,exposed,2026-05-02 04:08:00
T01149,C005,U0029,app_push,exposed,2026-05-02 04:09:00
T01150,C001,U0141,app_push,exposed,2026-05-02 04:10:00
T01151,C005,U0052,app_push,exposed,2026-05-02 04:11:00
T01152,C005,U0138,app_push,exposed,2026-05-02 04:12:00
T01153,C002,U0043,wechat,exposed,2026-05-02 04:13:00
T01154,C003,U0134,app_push,exposed,2026-05-02 04:14:00
T01155,C004,U0030,app_push,exposed,2026-05-02 04:15:00
T01156,C002,U0184,wechat,exposed,2026-05-02 04:16:00
T01157,C005,U0126,app_push,exposed,2026-05-02 04:17:00
T01158,C001,U0131,app_push,exposed,2026-05-02 04:18:00
T01159,C004,U0015,app_push,exposed,2026-05-02 04:19:00
T01160,C004,U0034,app_push,exposed,2026-05-02 04:20:00
T01161,C005,U0107,app_push,exposed,2026-05-02 04:21:00
T01162,C004,U0145,app_push,exposed,2026-05-02 04:22:00
T01163,C001,U0144,app_push,exposed,2026-05-02 04:23:00
T01164,C004,U0173,app_push,exposed,2026-05-02 04:24:00
T01165,C003,U0186,app_push,exposed,2026-05-02 04:25:00
T01166,C001,U0102,app_push,exposed,2026-05-02 04:26:00
T01167,C003,U0001,app_push,exposed,2026-05-02 04:27:00
T01168,C002,U0149,wechat,exposed,2026-05-02 04:28:00
T01169,C001,U0012,app_push,exposed,2026-05-02 04:29:00
T01170,C004,U0089,app_push,exposed,2026-05-02 04:30:00
T01171,C001,U0139,app_push,exposed,2026-05-02 04:31:00
T01172,C001,U0018,app_push,exposed,2026-05-02 04:32:00
T01173,C004,U0009,app_push,exposed,2026-05-02 04:33:00
T01174,C003,U0105,app_push,exposed,2026-05-02 04:34:00
T01175,C002,U0197,wechat,exposed,2026-05-02 04:35:00
T01176,C002,U0197,wechat,exposed,2026-05-02 04:36:00
T01177,C004,U0096,app_push,exposed,2026-05-02 04:37:00
T01178,C004,U0115,app_push,exposed,2026-05-02 04:38:00
T01179,C004,U0097,app_push,exposed,2026-05-02 04:39:00
T01180,C001,U0175,app_push,exposed,2026-05-02 04:40:00
T01181,C005,U0035,app_push,exposed,2026-05-02 04:41:00
T01182,C003,U0031,app_push,exposed,2026-05-02 04:42:00
T01183,C002,U0138,wechat,exposed,2026-05-02 04:43:00
T01184,C004,U0136,app_push,exposed,2026-05-02 04:44:00
T01185,C002,U0187,wechat,exposed,2026-05-02 04:45:00
T01186,C002,U0001,wechat,exposed,2026-05-02 04:46:00
T01187,C001,U0077,app_push,exposed,2026-05-02 04:47:00
T01188,C004,U0173,app_push,exposed,2026-05-02 04:48:00
T01189,C005,U0109,app_push,exposed,2026-05-02 04:49:00
T01190,C005,U0098,app_push,exposed,2026-05-02 04:50:00
T01191,C002,U0064,wechat,exposed,2026-05-02 04:51:00
T01192,C004,U0089,app_push,exposed,2026-05-02 04:52:00
T01193,C002,U0071,wechat,exposed,2026-05-02 04:53:00
T01194,C002,U0186,wechat,exposed,2026-05-02 04:54:00
T01195,C001,U0009,app_push,exposed,2026-05-02 04:55:00
T01196,C004,U0158,app_push,exposed,2026-05-02 04:56:00
T01197,C001,U0062,app_push,exposed,2026-05-02 04:57:00
T01198,C002,U0018,wechat,exposed,2026-05-02 04:58:00
T01199,C001,U0153,app_push,exposed,2026-05-02 04:59:00
T01200,C001,U0115,app_push,exposed,2026-05-02 05:00:00
T01201,C005,U0173,app_push,exposed,2026-05-02 05:01:00
T01202,C001,U0063,app_push,exposed,2026-05-02 05:02:00
T01203,C001,U0103,app_push,exposed,2026-05-02 05:03:00
T01204,C004,U0060,app_push,exposed,2026-05-02 05:04:00
T01205,C005,U0056,app_push,exposed,2026-05-02 05:05:00
T01206,C001,U0036,app_push,exposed,2026-05-02 05:06:00
T01207,C005,U0075,app_push,exposed,2026-05-02 05:07:00
T01208,C002,U0188,wechat,exposed,2026-05-02 05:08:00
T01209,C005,U0082,app_push,exposed,2026-05-02 05:09:00
T01210,C005,U0154,app_push,exposed,2026-05-02 05:10:00
T01211,C003,U0061,app_push,exposed,2026-05-02 05:11:00
T01212,C003,U0037,app_push,exposed,2026-05-02 05:12:00
T01213,C005,U0057,app_push,exposed,2026-05-02 05:13:00
T01214,C004,U0077,app_push,exposed,2026-05-02 05:14:00
T01215,C003,U0016,app_push,exposed,2026-05-02 05:15:00
T01216,C005,U0152,app_push,exposed,2026-05-02 05:16:00
T01217,C002,U0161,wechat,exposed,2026-05-02 05:17:00
T01218,C004,U0143,app_push,exposed,2026-05-02 05:18:00
T01219,C004,U0013,app_push,exposed,2026-05-02 05:19:00
T01220,C003,U0165,app_push,exposed,2026-05-02 05:20:00
T01221,C004,U0135,app_push,exposed,2026-05-02 05:21:00
T01222,C003,U0179,app_push,exposed,2026-05-02 05:22:00
T01223,C004,U0105,app_push,exposed,2026-05-02 05:23:00
T01224,C002,U0077,wechat,exposed,2026-05-02 05:24:00
T01225,C004,U0048,app_push,exposed,2026-05-02 05:25:00
T01226,C005,U0122,app_push,exposed,2026-05-02 05:26:00
T01227,C002,U0058,wechat,exposed,2026-05-02 05:27:00
T01228,C003,U0182,app_push,exposed,2026-05-02 05:28:00
T01229,C002,U0119,wechat,exposed,2026-05-02 05:29:00
T01230,C001,U0144,app_push,exposed,2026-05-02 05:30:00
T01231,C004,U0107,app_push,exposed,2026-05-02 05:31:00
T01232,C005,U0136,app_push,exposed,2026-05-02 05:32:00
T01233,C002,U0100,wechat,exposed,2026-05-02 05:33:00
T01234,C002,U0066,wechat,exposed,2026-05-02 05:34:00
T01235,C002,U0085,wechat,exposed,2026-05-02 05:35:00
T01236,C001,U0116,app_push,exposed,2026-05-02 05:36:00
T01237,C003,U0024,app_push,exposed,2026-05-02 05:37:00
T01238,C005,U0186,app_push,exposed,2026-05-02 05:38:00
T01239,C002,U0014,wechat,exposed,2026-05-02 05:39:00
T01240,C003,U0097,app_push,exposed,2026-05-02 05:40:00
T01241,C005,U0155,app_push,exposed,2026-05-02 05:41:00
T01242,C001,U0019,app_push,exposed,2026-05-02 05:42:00
T01243,C002,U0195,wechat,exposed,2026-05-02 05:43:00
T01244,C005,U0186,app_push,exposed,2026-05-02 05:44:00
T01245,C005,U0056,app_push,exposed,2026-05-02 05:45:00
T01246,C004,U0054,app_push,exposed,2026-05-02 05:46:00
T01247,C003,U0078,app_push,exposed,2026-05-02 05:47:00
T01248,C001,U0055,app_push,exposed,2026-05-02 05:48:00
T01249,C002,U0190,wechat,exposed,2026-05-02 05:49:00
T01250,C001,U0192,app_push,exposed,2026-05-02 05:50:00
T01251,C004,U0063,app_push,exposed,2026-05-02 05:51:00
T01252,C005,U0181,app_push,exposed,2026-05-02 05:52:00
T01253,C002,U0102,wechat,exposed,2026-05-02 05:53:00
T01254,C002,U0142,wechat,exposed,2026-05-02 05:54:00
T01255,C003,U0199,app_push,exposed,2026-05-02 05:55:00
T01256,C003,U0098,app_push,exposed,2026-05-02 05:56:00
T01257,C004,U0137,app_push,exposed,2026-05-02 05:57:00
T01258,C003,U0079,app_push,exposed,2026-05-02 05:58:00
T01259,C003,U0093,app_push,exposed,2026-05-02 05:59:00
T01260,C005,U0128,app_push,exposed,2026-05-02 06:00:00
T01261,C004,U0026,app_push,exposed,2026-05-02 06:01:00
T01262,C004,U0195,app_push,exposed,2026-05-02 06:02:00
T01263,C003,U0053,app_push,exposed,2026-05-02 06:03:00
T01264,C003,U0081,app_push,exposed,2026-05-02 06:04:00
T01265,C004,U0012,app_push,exposed,2026-05-02 06:05:00
T01266,C005,U0057,app_push,exposed,2026-05-02 06:06:00
T01267,C002,U0005,wechat,exposed,2026-05-02 06:07:00
T01268,C003,U0142,app_push,exposed,2026-05-02 06:08:00
T01269,C005,U0149,app_push,exposed,2026-05-02 06:09:00
T01270,C004,U0076,app_push,exposed,2026-05-02 06:10:00
T01271,C002,U0051,wechat,exposed,2026-05-02 06:11:00
T01272,C003,U0059,app_push,exposed,2026-05-02 06:12:00
T01273,C004,U0146,app_push,exposed,2026-05-02 06:13:00
T01274,C002,U0128,wechat,exposed,2026-05-02 06:14:00
T01275,C005,U0168,app_push,exposed,2026-05-02 06:15:00
T01276,C003,U0066,app_push,exposed,2026-05-02 06:16:00
T01277,C004,U0186,app_push,exposed,2026-05-02 06:17:00
T01278,C004,U0118,app_push,exposed,2026-05-02 06:18:00
T01279,C002,U0188,wechat,exposed,2026-05-02 06:19:00
T01280,C003,U0044,app_push,exposed,2026-05-02 06:20:00
T01281,C002,U0185,wechat,exposed,2026-05-02 06:21:00
T01282,C005,U0126,app_push,exposed,2026-05-02 06:22:00
T01283,C002,U0139,wechat,exposed,2026-05-02 06:23:00
T01284,C001,U0135,app_push,exposed,2026-05-02 06:24:00
T01285,C001,U0020,app_push,exposed,2026-05-02 06:25:00
T01286,C001,U0196,app_push,exposed,2026-05-02 06:26:00
T01287,C001,U0106,app_push,exposed,2026-05-02 06:27:00
T01288,C002,U0162,wechat,exposed,2026-05-02 06:28:00
T01289,C002,U0018,wechat,exposed,2026-05-02 06:29:00
T01290,C002,U0003,wechat,exposed,2026-05-02 06:30:00
T01291,C002,U0130,wechat,exposed,2026-05-02 06:31:00
T01292,C004,U0096,app_push,exposed,2026-05-02 06:32:00
T01293,C001,U0159,app_push,exposed,2026-05-02 06:33:00
T01294,C005,U0124,app_push,exposed,2026-05-02 06:34:00
T01295,C004,U0005,app_push,exposed,2026-05-02 06:35:00
T01296,C001,U0137,app_push,exposed,2026-05-02 06:36:00
T01297,C005,U0106,app_push,exposed,2026-05-02 06:37:00
T01298,C001,U0005,app_push,exposed,2026-05-02 06:38:00
T01299,C005,U0185,app_push,exposed,2026-05-02 06:39:00
T01300,C003,U0138,app_push,exposed,2026-05-02 06:40:00
T01301,C003,U0005,app_push,exposed,2026-05-02 06:41:00
T01302,C005,U0179,app_push,exposed,2026-05-02 06:42:00
T01303,C004,U0046,app_push,exposed,2026-05-02 06:43:00
T01304,C001,U0025,app_push,exposed,2026-05-02 06:44:00
T01305,C005,U0039,app_push,exposed,2026-05-02 06:45:00
T01306,C002,U0050,wechat,exposed,2026-05-02 06:46:00
T01307,C005,U0135,app_push,exposed,2026-05-02 06:47:00
T01308,C003,U0091,app_push,exposed,2026-05-02 06:48:00
T01309,C003,U0102,app_push,exposed,2026-05-02 06:49:00
T01310,C001,U0096,app_push,exposed,2026-05-02 06:50:00
T01311,C004,U0118,app_push,exposed,2026-05-02 06:51:00
T01312,C005,U0063,app_push,exposed,2026-05-02 06:52:00
T01313,C002,U0077,wechat,exposed,2026-05-02 06:53:00
T01314,C001,U0168,app_push,exposed,2026-05-02 06:54:00
T01315,C001,U0024,app_push,exposed,2026-05-02 06:55:00
T01316,C004,U0098,app_push,exposed,2026-05-02 06:56:00
T01317,C004,U0142,app_push,exposed,2026-05-02 06:57:00
T01318,C004,U0015,app_push,exposed,2026-05-02 06:58:00
T01319,C001,U0180,app_push,exposed,2026-05-02 06:59:00
T01320,C002,U0022,wechat,exposed,2026-05-02 07:00:00
T01321,C004,U0112,app_push,exposed,2026-05-02 07:01:00
T01322,C003,U0145,app_push,exposed,2026-05-02 07:02:00
T01323,C001,U0136,app_push,exposed,2026-05-02 07:03:00
T01324,C001,U0059,app_push,exposed,2026-05-02 07:04:00
T01325,C002,U0178,wechat,exposed,2026-05-02 07:05:00
T01326,C005,U0122,app_push,exposed,2026-05-02 07:06:00
T01327,C003,U0012,app_push,exposed,2026-05-02 07:07:00
T01328,C001,U0176,app_push,exposed,2026-05-02 07:08:00
T01329,C003,U0140,app_push,exposed,2026-05-02 07:09:00
T01330,C005,U0169,app_push,exposed,2026-05-02 07:10:00
T01331,C001,U0046,app_push,exposed,2026-05-02 07:11:00
T01332,C003,U0005,app_push,exposed,2026-05-02 07:12:00
T01333,C002,U0151,wechat,exposed,2026-05-02 07:13:00
T01334,C002,U0193,wechat,exposed,2026-05-02 07:14:00
T01335,C004,U0020,app_push,exposed,2026-05-02 07:15:00
T01336,C003,U0042,app_push,exposed,2026-05-02 07:16:00
T01337,C005,U0062,app_push,exposed,2026-05-02 07:17:00
T01338,C005,U0100,app_push,exposed,2026-05-02 07:18:00
T01339,C005,U0085,app_push,exposed,2026-05-02 07:19:00
T01340,C004,U0194,app_push,exposed,2026-05-02 07:20:00
T01341,C002,U0177,wechat,exposed,2026-05-02 07:21:00
T01342,C001,U0129,app_push,exposed,2026-05-02 07:22:00
T01343,C003,U0014,app_push,exposed,2026-05-02 07:23:00
T01344,C001,U0112,app_push,exposed,2026-05-02 07:24:00
T01345,C002,U0020,wechat,exposed,2026-05-02 07:25:00
T01346,C003,U0155,app_push,exposed,2026-05-02 07:26:00
T01347,C005,U0153,app_push,exposed,2026-05-02 07:27:00
T01348,C004,U0199,app_push,exposed,2026-05-02 07:28:00
T01349,C003,U0008,app_push,exposed,2026-05-02 07:29:00
T01350,C003,U0116,app_push,exposed,2026-05-02 07:30:00
T01351,C004,U0059,app_push,exposed,2026-05-02 07:31:00
T01352,C003,U0142,app_push,exposed,2026-05-02 07:32:00
T01353,C004,U0111,app_push,exposed,2026-05-02 07:33:00
T01354,C002,U0175,wechat,exposed,2026-05-02 07:34:00
T01355,C005,U0170,app_push,exposed,2026-05-02 07:35:00
T01356,C004,U0022,app_push,exposed,2026-05-02 07:36:00
T01357,C005,U0076,app_push,exposed,2026-05-02 07:37:00
T01358,C002,U0183,wechat,exposed,2026-05-02 07:38:00
T01359,C001,U0022,app_push,exposed,2026-05-02 07:39:00
T01360,C003,U0040,app_push,exposed,2026-05-02 07:40:00
T01361,C004,U0183,app_push,exposed,2026-05-02 07:41:00
T01362,C002,U0190,wechat,exposed,2026-05-02 07:42:00
T01363,C004,U0082,app_push,exposed,2026-05-02 07:43:00
T01364,C003,U0028,app_push,exposed,2026-05-02 07:44:00
T01365,C001,U0002,app_push,exposed,2026-05-02 07:45:00
T01366,C003,U0114,app_push,exposed,2026-05-02 07:46:00
T01367,C003,U0195,app_push,exposed,2026-05-02 07:47:00
T01368,C003,U0027,app_push,exposed,2026-05-02 07:48:00
T01369,C002,U0023,wechat,exposed,2026-05-02 07:49:00
T01370,C002,U0111,wechat,exposed,2026-05-02 07:50:00
T01371,C004,U0143,app_push,exposed,2026-05-02 07:51:00
T01372,C005,U0132,app_push,exposed,2026-05-02 07:52:00
T01373,C004,U0027,app_push,exposed,2026-05-02 07:53:00
T01374,C001,U0023,app_push,exposed,2026-05-02 07:54:00
T01375,C003,U0142,app_push,exposed,2026-05-02 07:55:00
T01376,C001,U0153,app_push,exposed,2026-05-02 07:56:00
T01377,C005,U0084,app_push,exposed,2026-05-02 07:57:00
T01378,C004,U0004,app_push,exposed,2026-05-02 07:58:00
T01379,C003,U0106,app_push,exposed,2026-05-02 07:59:00
T01380,C004,U0200,app_push,exposed,2026-05-02 08:00:00
T01381,C001,U0186,app_push,exposed,2026-05-02 08:01:00
T01382,C005,U0063,app_push,exposed,2026-05-02 08:02:00
T01383,C005,U0134,app_push,exposed,2026-05-02 08:03:00
T01384,C002,U0176,wechat,exposed,2026-05-02 08:04:00
T01385,C004,U0044,app_push,exposed,2026-05-02 08:05:00
T01386,C002,U0069,wechat,exposed,2026-05-02 08:06:00
T01387,C003,U0069,app_push,exposed,2026-05-02 08:07:00
T01388,C004,U0038,app_push,exposed,2026-05-02 08:08:00
T01389,C001,U0043,app_push,exposed,2026-05-02 08:09:00
T01390,C004,U0071,app_push,exposed,2026-05-02 08:10:00
T01391,C004,U0077,app_push,exposed,2026-05-02 08:11:00
T01392,C004,U0020,app_push,exposed,2026-05-02 08:12:00
T01393,C003,U0065,app_push,exposed,2026-05-02 08:13:00
T01394,C002,U0185,wechat,exposed,2026-05-02 08:14:00
T01395,C004,U0153,app_push,exposed,2026-05-02 08:15:00
T01396,C005,U0051,app_push,exposed,2026-05-02 08:16:00
T01397,C004,U0028,app_push,exposed,2026-05-02 08:17:00
T01398,C002,U0078,wechat,exposed,2026-05-02 08:18:00
T01399,C001,U0102,app_push,exposed,2026-05-02 08:19:00
T01400,C003,U0159,app_push,exposed,2026-05-02 08:20:00
T01401,C004,U0085,app_push,exposed,2026-05-02 08:21:00
T01402,C004,U0086,app_push,exposed,2026-05-02 08:22:00
T01403,C004,U0167,app_push,exposed,2026-05-02 08:23:00
T01404,C005,U0035,app_push,exposed,2026-05-02 08:24:00
T01405,C003,U0083,app_push,exposed,2026-05-02 08:25:00
T01406,C005,U0178,app_push,exposed,2026-05-02 08:26:00
T01407,C002,U0123,wechat,exposed,2026-05-02 08:27:00
T01408,C003,U0046,app_push,exposed,2026-05-02 08:28:00
T01409,C004,U0082,app_push,exposed,2026-05-02 08:29:00
T01410,C003,U0189,app_push,exposed,2026-05-02 08:30:00
T01411,C004,U0148,app_push,exposed,2026-05-02 08:31:00
T01412,C002,U0084,wechat,exposed,2026-05-02 08:32:00
T01413,C004,U0072,app_push,exposed,2026-05-02 08:33:00
T01414,C004,U0094,app_push,exposed,2026-05-02 08:34:00
T01415,C001,U0145,app_push,exposed,2026-05-02 08:35:00
T01416,C002,U0152,wechat,exposed,2026-05-02 08:36:00
T01417,C005,U0047,app_push,exposed,2026-05-02 08:37:00
T01418,C005,U0007,app_push,exposed,2026-05-02 08:38:00
T01419,C004,U0182,app_push,exposed,2026-05-02 08:39:00
T01420,C002,U0113,wechat,exposed,2026-05-02 08:40:00
T01421,C003,U0178,app_push,exposed,2026-05-02 08:41:00
T01422,C001,U0105,app_push,exposed,2026-05-02 08:42:00
T01423,C004,U0036,app_push,exposed,2026-05-02 08:43:00
T01424,C003,U0062,app_push,exposed,2026-05-02 08:44:00
T01425,C003,U0169,app_push,exposed,2026-05-02 08:45:00
T01426,C002,U0184,wechat,exposed,2026-05-02 08:46:00
T01427,C004,U0097,app_push,exposed,2026-05-02 08:47:00
T01428,C001,U0115,app_push,exposed,2026-05-02 08:48:00
T01429,C005,U0123,app_push,exposed,2026-05-02 08:49:00
T01430,C005,U0103,app_push,exposed,2026-05-02 08:50:00
T01431,C005,U0130,app_push,exposed,2026-05-02 08:51:00
T01432,C004,U0140,app_push,exposed,2026-05-02 08:52:00
T01433,C001,U0093,app_push,exposed,2026-05-02 08:53:00
T01434,C005,U0153,app_push,exposed,2026-05-02 08:54:00
T01435,C001,U0028,app_push,exposed,2026-05-02 08:55:00
T01436,C002,U0169,wechat,exposed,2026-05-02 08:56:00
T01437,C003,U0043,app_push,exposed,2026-05-02 08:57:00
T01438,C005,U0012,app_push,exposed,2026-05-02 08:58:00
T01439,C005,U0166,app_push,exposed,2026-05-02 08:59:00
T01440,C004,U0193,app_push,exposed,2026-05-02 09:00:00
T01441,C003,U0111,app_push,exposed,2026-05-02 09:01:00
T01442,C001,U0003,app_push,exposed,2026-05-02 09:02:00
T01443,C001,U0067,app_push,exposed,2026-05-02 09:03:00
T01444,C002,U0131,wechat,exposed,2026-05-02 09:04:00
T01445,C005,U0143,app_push,exposed,2026-05-02 09:05:00
T01446,C005,U0177,app_push,exposed,2026-05-02 09:06:00
T01447,C005,U0057,app_push,exposed,2026-05-02 09:07:00
T01448,C004,U0096,app_push,exposed,2026-05-02 09:08:00
T01449,C004,U0119,app_push,exposed,2026-05-02 09:09:00
T01450,C005,U0177,app_push,exposed,2026-05-02 09:10:00
T01451,C005,U0039,app_push,exposed,2026-05-02 09:11:00
T01452,C003,U0007,app_push,exposed,2026-05-02 09:12:00
T01453,C004,U0027,app_push,exposed,2026-05-02 09:13:00
T01454,C003,U0107,app_push,exposed,2026-05-02 09:14:00
T01455,C001,U0030,app_push,exposed,2026-05-02 09:15:00
T01456,C002,U0090,wechat,exposed,2026-05-02 09:16:00
T01457,C003,U0088,app_push,exposed,2026-05-02 09:17:00
T01458,C004,U0053,app_push,exposed,2026-05-02 09:18:00
T01459,C005,U0124,app_push,exposed,2026-05-02 09:19:00
T01460,C003,U0122,app_push,exposed,2026-05-02 09:20:00
T01461,C001,U0113,app_push,exposed,2026-05-02 09:21:00
T01462,C004,U0082,app_push,exposed,2026-05-02 09:22:00
T01463,C001,U0077,app_push,exposed,2026-05-02 09:23:00
T01464,C001,U0182,app_push,exposed,2026-05-02 09:24:00
T01465,C001,U0006,app_push,exposed,2026-05-02 09:25:00
T01466,C003,U0166,app_push,exposed,2026-05-02 09:26:00
T01467,C001,U0174,app_push,exposed,2026-05-02 09:27:00
T01468,C002,U0190,wechat,exposed,2026-05-02 09:28:00
T01469,C002,U0133,wechat,exposed,2026-05-02 09:29:00
T01470,C002,U0142,wechat,exposed,2026-05-02 09:30:00
T01471,C002,U0085,wechat,exposed,2026-05-02 09:31:00
T01472,C005,U0110,app_push,exposed,2026-05-02 09:32:00
T01473,C004,U0060,app_push,exposed,2026-05-02 09:33:00
T01474,C004,U0162,app_push,exposed,2026-05-02 09:34:00
T01475,C002,U0048,wechat,exposed,2026-05-02 09:35:00
T01476,C004,U0102,app_push,exposed,2026-05-02 09:36:00
T01477,C001,U0189,app_push,exposed,2026-05-02 09:37:00
T01478,C005,U0051,app_push,exposed,2026-05-02 09:38:00
T01479,C004,U0152,app_push,exposed,2026-05-02 09:39:00
T01480,C004,U0100,app_push,exposed,2026-05-02 09:40:00
T01481,C001,U0181,app_push,exposed,2026-05-02 09:41:00
T01482,C002,U0053,wechat,exposed,2026-05-02 09:42:00
T01483,C003,U0193,app_push,exposed,2026-05-02 09:43:00
T01484,C001,U0148,app_push,exposed,2026-05-02 09:44:00
T01485,C001,U0138,app_push,exposed,2026-05-02 09:45:00
T01486,C002,U0094,wechat,exposed,2026-05-02 09:46:00
T01487,C003,U0051,app_push,exposed,2026-05-02 09:47:00
T01488,C004,U0030,app_push,exposed,2026-05-02 09:48:00
T01489,C003,U0172,app_push,exposed,2026-05-02 09:49:00
T01490,C004,U0136,app_push,exposed,2026-05-02 09:50:00
T01491,C003,U0153,app_push,exposed,2026-05-02 09:51:00
T01492,C004,U0157,app_push,exposed,2026-05-02 09:52:00
T01493,C004,U0151,app_push,exposed,2026-05-02 09:53:00
T01494,C001,U0090,app_push,exposed,2026-05-02 09:54:00
T01495,C003,U0118,app_push,exposed,2026-05-02 09:55:00
T01496,C005,U0045,app_push,exposed,2026-05-02 09:56:00
T01497,C003,U0158,app_push,exposed,2026-05-02 09:57:00
T01498,C005,U0022,app_push,exposed,2026-05-02 09:58:00
T01499,C002,U0081,wechat,exposed,2026-05-02 09:59:00
T01500,C001,U0062,app_push,exposed,2026-05-02 10:00:00
T01501,C003,U0030,app_push,exposed,2026-05-02 10:01:00
T01502,C002,U0096,wechat,exposed,2026-05-02 10:02:00
T01503,C002,U0131,wechat,exposed,2026-05-02 10:03:00
T01504,C004,U0108,app_push,exposed,2026-05-02 10:04:00
T01505,C005,U0036,app_push,exposed,2026-05-02 10:05:00
T01506,C005,U0099,app_push,exposed,2026-05-02 10:06:00
T01507,C004,U0048,app_push,exposed,2026-05-02 10:07:00
T01508,C004,U0163,app_push,exposed,2026-05-02 10:08:00
T01509,C005,U0178,app_push,exposed,2026-05-02 10:09:00
T01510,C002,U0143,wechat,exposed,2026-05-02 10:10:00
T01511,C002,U0126,wechat,exposed,2026-05-02 10:11:00
T01512,C003,U0036,app_push,exposed,2026-05-02 10:12:00
T01513,C002,U0081,wechat,exposed,2026-05-02 10:13:00
T01514,C004,U0159,app_push,exposed,2026-05-02 10:14:00
T01515,C001,U0092,app_push,exposed,2026-05-02 10:15:00
T01516,C001,U0125,app_push,exposed,2026-05-02 10:16:00
T01517,C002,U0050,wechat,exposed,2026-05-02 10:17:00
T01518,C004,U0144,app_push,exposed,2026-05-02 10:18:00
T01519,C005,U0168,app_push,exposed,2026-05-02 10:19:00
T01520,C004,U0105,app_push,exposed,2026-05-02 10:20:00
T01521,C004,U0107,app_push,exposed,2026-05-02 10:21:00
T01522,C004,U0126,app_push,exposed,2026-05-02 10:22:00
T01523,C002,U0022,wechat,exposed,2026-05-02 10:23:00
T01524,C005,U0008,app_push,exposed,2026-05-02 10:24:00
T01525,C002,U0075,wechat,exposed,2026-05-02 10:25:00
T01526,C001,U0071,app_push,exposed,2026-05-02 10:26:00
T01527,C002,U0138,wechat,exposed,2026-05-02 10:27:00
T01528,C003,U0044,app_push,exposed,2026-05-02 10:28:00
T01529,C004,U0145,app_push,exposed,2026-05-02 10:29:00
T01530,C004,U0141,app_push,exposed,2026-05-02 10:30:00
T01531,C005,U0029,app_push,exposed,2026-05-02 10:31:00
T01532,C005,U0030,app_push,exposed,2026-05-02 10:32:00
T01533,C003,U0199,app_push,exposed,2026-05-02 10:33:00
T01534,C005,U0094,app_push,exposed,2026-05-02 10:34:00
T01535,C005,U0194,app_push,exposed,2026-05-02 10:35:00
T01536,C001,U0195,app_push,exposed,2026-05-02 10:36:00
T01537,C004,U0140,app_push,exposed,2026-05-02 10:37:00
T01538,C002,U0109,wechat,exposed,2026-05-02 10:38:00
T01539,C001,U0189,app_push,exposed,2026-05-02 10:39:00
T01540,C002,U0077,wechat,exposed,2026-05-02 10:40:00
T01541,C001,U0116,app_push,exposed,2026-05-02 10:41:00
T01542,C003,U0090,app_push,exposed,2026-05-02 10:42:00
T01543,C001,U0113,app_push,exposed,2026-05-02 10:43:00
T01544,C001,U0199,app_push,exposed,2026-05-02 10:44:00
T01545,C002,U0054,wechat,exposed,2026-05-02 10:45:00
T01546,C005,U0177,app_push,exposed,2026-05-02 10:46:00
T01547,C003,U0182,app_push,exposed,2026-05-02 10:47:00
T01548,C005,U0162,app_push,exposed,2026-05-02 10:48:00
T01549,C004,U0043,app_push,exposed,2026-05-02 10:49:00
T01550,C005,U0036,app_push,exposed,2026-05-02 10:50:00
T01551,C002,U0053,wechat,exposed,2026-05-02 10:51:00
T01552,C001,U0146,app_push,exposed,2026-05-02 10:52:00
T01553,C003,U0137,app_push,exposed,2026-05-02 10:53:00
T01554,C003,U0153,app_push,exposed,2026-05-02 10:54:00
T01555,C005,U0044,app_push,exposed,2026-05-02 10:55:00
T01556,C003,U0181,app_push,exposed,2026-05-02 10:56:00
T01557,C003,U0075,app_push,exposed,2026-05-02 10:57:00
T01558,C005,U0069,app_push,exposed,2026-05-02 10:58:00
T01559,C005,U0174,app_push,exposed,2026-05-02 10:59:00
T01560,C001,U0035,app_push,exposed,2026-05-02 11:00:00
T01561,C004,U0016,app_push,exposed,2026-05-02 11:01:00
T01562,C003,U0168,app_push,exposed,2026-05-02 11:02:00
T01563,C002,U0180,wechat,exposed,2026-05-02 11:03:00
T01564,C002,U0064,wechat,exposed,2026-05-02 11:04:00
T01565,C002,U0183,wechat,exposed,2026-05-02 11:05:00
T01566,C003,U0064,app_push,exposed,2026-05-02 11:06:00
T01567,C004,U0126,app_push,exposed,2026-05-02 11:07:00
T01568,C002,U0148,wechat,exposed,2026-05-02 11:08:00
T01569,C003,U0161,app_push,exposed,2026-05-02 11:09:00
T01570,C004,U0097,app_push,exposed,2026-05-02 11:10:00
T01571,C004,U0020,app_push,exposed,2026-05-02 11:11:00
T01572,C001,U0104,app_push,exposed,2026-05-02 11:12:00
T01573,C005,U0192,app_push,exposed,2026-05-02 11:13:00
T01574,C003,U0178,app_push,exposed,2026-05-02 11:14:00
T01575,C003,U0117,app_push,exposed,2026-05-02 11:15:00
T01576,C004,U0084,app_push,exposed,2026-05-02 11:16:00
T01577,C005,U0001,app_push,exposed,2026-05-02 11:17:00
T01578,C001,U0188,app_push,exposed,2026-05-02 11:18:00
T01579,C004,U0163,app_push,exposed,2026-05-02 11:19:00
T01580,C003,U0017,app_push,exposed,2026-05-02 11:20:00
T01581,C005,U0102,app_push,exposed,2026-05-02 11:21:00
T01582,C002,U0110,wechat,exposed,2026-05-02 11:22:00
T01583,C002,U0127,wechat,exposed,2026-05-02 11:23:00
T01584,C003,U0083,app_push,exposed,2026-05-02 11:24:00
T01585,C003,U0087,app_push,exposed,2026-05-02 11:25:00
T01586,C005,U0148,app_push,exposed,2026-05-02 11:26:00
T01587,C002,U0145,wechat,exposed,2026-05-02 11:27:00
T01588,C004,U0088,app_push,exposed,2026-05-02 11:28:00
T01589,C001,U0012,app_push,exposed,2026-05-02 11:29:00
T01590,C001,U0161,app_push,exposed,2026-05-02 11:30:00
T01591,C004,U0005,app_push,exposed,2026-05-02 11:31:00
T01592,C001,U0041,app_push,exposed,2026-05-02 11:32:00
T01593,C004,U0117,app_push,exposed,2026-05-02 11:33:00
T01594,C001,U0110,app_push,exposed,2026-05-02 11:34:00
T01595,C002,U0177,wechat,exposed,2026-05-02 11:35:00
T01596,C002,U0167,wechat,exposed,2026-05-02 11:36:00
T01597,C003,U0041,app_push,exposed,2026-05-02 11:37:00
T01598,C003,U0024,app_push,exposed,2026-05-02 11:38:00
T01599,C003,U0065,app_push,exposed,2026-05-02 11:39:00
T01600,C001,U0096,app_push,exposed,2026-05-02 11:40:00
T01601,C002,U0014,wechat,exposed,2026-05-02 11:41:00
T01602,C004,U0161,app_push,exposed,2026-05-02 11:42:00
T01603,C003,U0186,app_push,exposed,2026-05-02 11:43:00
T01604,C002,U0110,wechat,exposed,2026-05-02 11:44:00
T01605,C001,U0181,app_push,exposed,2026-05-02 11:45:00
T01606,C001,U0001,app_push,exposed,2026-05-02 11:46:00
T01607,C002,U0123,wechat,exposed,2026-05-02 11:47:00
T01608,C001,U0034,app_push,exposed,2026-05-02 11:48:00
T01609,C005,U0058,app_push,exposed,2026-05-02 11:49:00
T01610,C005,U0175,app_push,exposed,2026-05-02 11:50:00
T01611,C004,U0003,app_push,exposed,2026-05-02 11:51:00
T01612,C001,U0179,app_push,exposed,2026-05-02 11:52:00
T01613,C003,U0031,app_push,exposed,2026-05-02 11:53:00
T01614,C004,U0178,app_push,exposed,2026-05-02 11:54:00
T01615,C002,U0123,wechat,exposed,2026-05-02 11:55:00
T01616,C001,U0059,app_push,exposed,2026-05-02 11:56:00
T01617,C004,U0023,app_push,exposed,2026-05-02 11:57:00
T01618,C001,U0027,app_push,exposed,2026-05-02 11:58:00
T01619,C003,U0095,app_push,exposed,2026-05-02 11:59:00
T01620,C003,U0036,app_push,exposed,2026-05-02 12:00:00
T01621,C004,U0199,app_push,exposed,2026-05-02 12:01:00
T01622,C002,U0165,wechat,exposed,2026-05-02 12:02:00
T01623,C002,U0018,wechat,exposed,2026-05-02 12:03:00
T01624,C005,U0145,app_push,exposed,2026-05-02 12:04:00
T01625,C001,U0157,app_push,exposed,2026-05-02 12:05:00
T01626,C002,U0113,wechat,exposed,2026-05-02 12:06:00
T01627,C003,U0185,app_push,exposed,2026-05-02 12:07:00
T01628,C002,U0161,wechat,exposed,2026-05-02 12:08:00
T01629,C002,U0106,wechat,exposed,2026-05-02 12:09:00
T01630,C005,U0176,app_push,exposed,2026-05-02 12:10:00
T01631,C004,U0056,app_push,exposed,2026-05-02 12:11:00
T01632,C001,U0026,app_push,exposed,2026-05-02 12:12:00
T01633,C002,U0193,wechat,exposed,2026-05-02 12:13:00
T01634,C001,U0151,app_push,exposed,2026-05-02 12:14:00
T01635,C004,U0090,app_push,exposed,2026-05-02 12:15:00
T01636,C004,U0081,app_push,exposed,2026-05-02 12:16:00
T01637,C002,U0064,wechat,exposed,2026-05-02 12:17:00
T01638,C003,U0166,app_push,exposed,2026-05-02 12:18:00
T01639,C001,U0064,app_push,exposed,2026-05-02 12:19:00
T01640,C005,U0154,app_push,exposed,2026-05-02 12:20:00
T01641,C005,U0185,app_push,exposed,2026-05-02 12:21:00
T01642,C005,U0073,app_push,exposed,2026-05-02 12:22:00
T01643,C001,U0169,app_push,exposed,2026-05-02 12:23:00
T01644,C003,U0053,app_push,exposed,2026-05-02 12:24:00
T01645,C005,U0156,app_push,exposed,2026-05-02 12:25:00
T01646,C005,U0049,app_push,exposed,2026-05-02 12:26:00
T01647,C004,U0076,app_push,exposed,2026-05-02 12:27:00
T01648,C001,U0062,app_push,exposed,2026-05-02 12:28:00
T01649,C004,U0099,app_push,exposed,2026-05-02 12:29:00
T01650,C001,U0062,app_push,exposed,2026-05-02 12:30:00
T01651,C004,U0164,app_push,exposed,2026-05-02 12:31:00
T01652,C005,U0019,app_push,exposed,2026-05-02 12:32:00
T01653,C005,U0004,app_push,exposed,2026-05-02 12:33:00
T01654,C003,U0082,app_push,exposed,2026-05-02 12:34:00
T01655,C002,U0100,wechat,exposed,2026-05-02 12:35:00
T01656,C005,U0108,app_push,exposed,2026-05-02 12:36:00
T01657,C003,U0140,app_push,exposed,2026-05-02 12:37:00
T01658,C002,U0196,wechat,exposed,2026-05-02 12:38:00
T01659,C004,U0198,app_push,exposed,2026-05-02 12:39:00
T01660,C001,U0005,app_push,exposed,2026-05-02 12:40:00
T01661,C005,U0018,app_push,exposed,2026-05-02 12:41:00
T01662,C001,U0068,app_push,exposed,2026-05-02 12:42:00
T01663,C002,U0011,wechat,exposed,2026-05-02 12:43:00
T01664,C001,U0102,app_push,exposed,2026-05-02 12:44:00
T01665,C005,U0074,app_push,exposed,2026-05-02 12:45:00
T01666,C005,U0197,app_push,exposed,2026-05-02 12:46:00
T01667,C004,U0109,app_push,exposed,2026-05-02 12:47:00
T01668,C004,U0022,app_push,exposed,2026-05-02 12:48:00
T01669,C005,U0138,app_push,exposed,2026-05-02 12:49:00
T01670,C005,U0040,app_push,exposed,2026-05-02 12:50:00
T01671,C003,U0022,app_push,exposed,2026-05-02 12:51:00
T01672,C003,U0021,app_push,exposed,2026-05-02 12:52:00
T01673,C005,U0053,app_push,exposed,2026-05-02 12:53:00
T01674,C002,U0138,wechat,exposed,2026-05-02 12:54:00
T01675,C003,U0101,app_push,exposed,2026-05-02 12:55:00
T01676,C005,U0163,app_push,exposed,2026-05-02 12:56:00
T01677,C001,U0080,app_push,exposed,2026-05-02 12:57:00
T01678,C004,U0187,app_push,exposed,2026-05-02 12:58:00
T01679,C002,U0015,wechat,exposed,2026-05-02 12:59:00
T01680,C002,U0023,wechat,exposed,2026-05-02 13:00:00
T01681,C004,U0030,app_push,exposed,2026-05-02 13:01:00
T01682,C004,U0157,app_push,exposed,2026-05-02 13:02:00
T01683,C005,U0015,app_push,exposed,2026-05-02 13:03:00
T01684,C003,U0171,app_push,exposed,2026-05-02 13:04:00
T01685,C002,U0031,wechat,exposed,2026-05-02 13:05:00
T01686,C001,U0182,app_push,exposed,2026-05-02 13:06:00
T01687,C002,U0180,wechat,exposed,2026-05-02 13:07:00
T01688,C001,U0042,app_push,exposed,2026-05-02 13:08:00
T01689,C004,U0089,app_push,exposed,2026-05-02 13:09:00
T01690,C005,U0133,app_push,exposed,2026-05-02 13:10:00
T01691,C003,U0043,app_push,exposed,2026-05-02 13:11:00
T01692,C003,U0033,app_push,exposed,2026-05-02 13:12:00
T01693,C003,U0188,app_push,exposed,2026-05-02 13:13:00
T01694,C001,U0198,app_push,exposed,2026-05-02 13:14:00
T01695,C001,U0086,app_push,exposed,2026-05-02 13:15:00
T01696,C004,U0070,app_push,exposed,2026-05-02 13:16:00
T01697,C005,U0017,app_push,exposed,2026-05-02 13:17:00
T01698,C003,U0183,app_push,exposed,2026-05-02 13:18:00
T01699,C005,U0161,app_push,exposed,2026-05-02 13:19:00
T01700,C001,U0128,app_push,exposed,2026-05-02 13:20:00
T01701,C004,U0131,app_push,exposed,2026-05-02 13:21:00
T01702,C003,U0015,app_push,exposed,2026-05-02 13:22:00
T01703,C004,U0146,app_push,exposed,2026-05-02 13:23:00
T01704,C002,U0095,wechat,exposed,2026-05-02 13:24:00
T01705,C002,U0066,wechat,exposed,2026-05-02 13:25:00
T01706,C001,U0147,app_push,exposed,2026-05-02 13:26:00
T01707,C001,U0059,app_push,exposed,2026-05-02 13:27:00
T01708,C005,U0001,app_push,exposed,2026-05-02 13:28:00
T01709,C001,U0004,app_push,exposed,2026-05-02 13:29:00
T01710,C002,U0012,wechat,exposed,2026-05-02 13:30:00
T01711,C004,U0094,app_push,exposed,2026-05-02 13:31:00
T01712,C004,U0039,app_push,exposed,2026-05-02 13:32:00
T01713,C002,U0010,wechat,exposed,2026-05-02 13:33:00
T01714,C005,U0183,app_push,exposed,2026-05-02 13:34:00
T01715,C004,U0058,app_push,exposed,2026-05-02 13:35:00
T01716,C003,U0064,app_push,exposed,2026-05-02 13:36:00
T01717,C004,U0185,app_push,exposed,2026-05-02 13:37:00
T01718,C003,U0070,app_push,exposed,2026-05-02 13:38:00
T01719,C001,U0147,app_push,exposed,2026-05-02 13:39:00
T01720,C003,U0031,app_push,exposed,2026-05-02 13:40:00
T01721,C005,U0173,app_push,exposed,2026-05-02 13:41:00
T01722,C001,U0046,app_push,exposed,2026-05-02 13:42:00
T01723,C002,U0133,wechat,exposed,2026-05-02 13:43:00
T01724,C001,U0103,app_push,exposed,2026-05-02 13:44:00
T01725,C001,U0120,app_push,exposed,2026-05-02 13:45:00
T01726,C003,U0199,app_push,exposed,2026-05-02 13:46:00
T01727,C003,U0084,app_push,exposed,2026-05-02 13:47:00
T01728,C001,U0142,app_push,exposed,2026-05-02 13:48:00
T01729,C004,U0003,app_push,exposed,2026-05-02 13:49:00
T01730,C003,U0052,app_push,exposed,2026-05-02 13:50:00
T01731,C003,U0145,app_push,exposed,2026-05-02 13:51:00
T01732,C003,U0190,app_push,exposed,2026-05-02 13:52:00
T01733,C005,U0063,app_push,exposed,2026-05-02 13:53:00
T01734,C004,U0095,app_push,exposed,2026-05-02 13:54:00
T01735,C005,U0127,app_push,exposed,2026-05-02 13:55:00
T01736,C002,U0188,wechat,exposed,2026-05-02 13:56:00
T01737,C005,U0195,app_push,exposed,2026-05-02 13:57:00
T01738,C002,U0039,wechat,exposed,2026-05-02 13:58:00
T01739,C001,U0105,app_push,exposed,2026-05-02 13:59:00
T01740,C001,U0060,app_push,exposed,2026-05-02 14:00:00
T01741,C005,U0089,app_push,exposed,2026-05-02 14:01:00
T01742,C001,U0086,app_push,exposed,2026-05-02 14:02:00
T01743,C001,U0195,app_push,exposed,2026-05-02 14:03:00
T01744,C004,U0189,app_push,exposed,2026-05-02 14:04:00
T01745,C003,U0027,app_push,exposed,2026-05-02 14:05:00
T01746,C002,U0136,wechat,exposed,2026-05-02 14:06:00
T01747,C002,U0108,wechat,exposed,2026-05-02 14:07:00
T01748,C004,U0016,app_push,exposed,2026-05-02 14:08:00
T01749,C002,U0183,wechat,exposed,2026-05-02 14:09:00
T01750,C003,U0024,app_push,exposed,2026-05-02 14:10:00
T01751,C001,U0060,app_push,exposed,2026-05-02 14:11:00
T01752,C005,U0106,app_push,exposed,2026-05-02 14:12:00
T01753,C003,U0118,app_push,exposed,2026-05-02 14:13:00
T01754,C001,U0149,app_push,exposed,2026-05-02 14:14:00
T01755,C001,U0130,app_push,exposed,2026-05-02 14:15:00
T01756,C002,U0164,wechat,exposed,2026-05-02 14:16:00
T01757,C004,U0020,app_push,exposed,2026-05-02 14:17:00
T01758,C005,U0146,app_push,exposed,2026-05-02 14:18:00
T01759,C001,U0112,app_push,exposed,2026-05-02 14:19:00
T01760,C002,U0061,wechat,exposed,2026-05-02 14:20:00
T01761,C003,U0067,app_push,exposed,2026-05-02 14:21:00
T01762,C003,U0101,app_push,exposed,2026-05-02 14:22:00
T01763,C003,U0082,app_push,exposed,2026-05-02 14:23:00
T01764,C004,U0070,app_push,exposed,2026-05-02 14:24:00
T01765,C002,U0020,wechat,exposed,2026-05-02 14:25:00
T01766,C002,U0035,wechat,exposed,2026-05-02 14:26:00
T01767,C005,U0028,app_push,exposed,2026-05-02 14:27:00
T01768,C002,U0028,wechat,exposed,2026-05-02 14:28:00
T01769,C002,U0116,wechat,exposed,2026-05-02 14:29:00
T01770,C004,U0081,app_push,exposed,2026-05-02 14:30:00
T01771,C004,U0031,app_push,exposed,2026-05-02 14:31:00
T01772,C005,U0092,app_push,exposed,2026-05-02 14:32:00
T01773,C002,U0116,wechat,exposed,2026-05-02 14:33:00
T01774,C003,U0119,app_push,exposed,2026-05-02 14:34:00
T01775,C003,U0031,app_push,exposed,2026-05-02 14:35:00
T01776,C001,U0041,app_push,exposed,2026-05-02 14:36:00
T01777,C003,U0181,app_push,exposed,2026-05-02 14:37:00
T01778,C005,U0011,app_push,exposed,2026-05-02 14:38:00
T01779,C002,U0084,wechat,exposed,2026-05-02 14:39:00
T01780,C002,U0024,wechat,exposed,2026-05-02 14:40:00
T01781,C002,U0092,wechat,exposed,2026-05-02 14:41:00
T01782,C004,U0132,app_push,exposed,2026-05-02 14:42:00
T01783,C001,U0174,app_push,exposed,2026-05-02 14:43:00
T01784,C003,U0067,app_push,exposed,2026-05-02 14:44:00
T01785,C002,U0008,wechat,exposed,2026-05-02 14:45:00
T01786,C004,U0116,app_push,exposed,2026-05-02 14:46:00
T01787,C005,U0192,app_push,exposed,2026-05-02 14:47:00
T01788,C005,U0064,app_push,exposed,2026-05-02 14:48:00
T01789,C001,U0119,app_push,exposed,2026-05-02 14:49:00
T01790,C001,U0036,app_push,exposed,2026-05-02 14:50:00
T01791,C001,U0004,app_push,exposed,2026-05-02 14:51:00
T01792,C001,U0200,app_push,exposed,2026-05-02 14:52:00
T01793,C002,U0034,wechat,exposed,2026-05-02 14:53:00
T01794,C002,U0103,wechat,exposed,2026-05-02 14:54:00
T01795,C003,U0176,app_push,exposed,2026-05-02 14:55:00
T01796,C001,U0150,app_push,exposed,2026-05-02 14:56:00
T01797,C005,U0067,app_push,exposed,2026-05-02 14:57:00
T01798,C001,U0006,app_push,exposed,2026-05-02 14:58:00
T01799,C001,U0051,app_push,exposed,2026-05-02 14:59:00
T01800,C004,U0033,app_push,exposed,2026-05-02 15:00:00
T01801,C001,U0085,app_push,exposed,2026-05-02 15:01:00
T01802,C001,U0011,app_push,exposed,2026-05-02 15:02:00
T01803,C004,U0013,app_push,exposed,2026-05-02 15:03:00
T01804,C002,U0147,wechat,exposed,2026-05-02 15:04:00
T01805,C004,U0186,app_push,exposed,2026-05-02 15:05:00
T01806,C004,U0128,app_push,exposed,2026-05-02 15:06:00
T01807,C001,U0098,app_push,exposed,2026-05-02 15:07:00
T01808,C004,U0045,app_push,exposed,2026-05-02 15:08:00
T01809,C003,U0055,app_push,exposed,2026-05-02 15:09:00
T01810,C002,U0071,wechat,exposed,2026-05-02 15:10:00
T01811,C003,U0115,app_push,exposed,2026-05-02 15:11:00
T01812,C002,U0009,wechat,exposed,2026-05-02 15:12:00
T01813,C005,U0159,app_push,exposed,2026-05-02 15:13:00
T01814,C005,U0063,app_push,exposed,2026-05-02 15:14:00
T01815,C003,U0128,app_push,exposed,2026-05-02 15:15:00
T01816,C004,U0141,app_push,exposed,2026-05-02 15:16:00
T01817,C004,U0016,app_push,exposed,2026-05-02 15:17:00
T01818,C001,U0072,app_push,exposed,2026-05-02 15:18:00
T01819,C004,U0036,app_push,exposed,2026-05-02 15:19:00
T01820,C004,U0052,app_push,exposed,2026-05-02 15:20:00
T01821,C005,U0064,app_push,exposed,2026-05-02 15:21:00
T01822,C005,U0005,app_push,exposed,2026-05-02 15:22:00
T01823,C004,U0183,app_push,exposed,2026-05-02 15:23:00
T01824,C003,U0123,app_push,exposed,2026-05-02 15:24:00
T01825,C005,U0125,app_push,exposed,2026-05-02 15:25:00
T01826,C003,U0145,app_push,exposed,2026-05-02 15:26:00
T01827,C005,U0083,app_push,exposed,2026-05-02 15:27:00
T01828,C004,U0070,app_push,exposed,2026-05-02 15:28:00
T01829,C002,U0007,wechat,exposed,2026-05-02 15:29:00
T01830,C003,U0153,app_push,exposed,2026-05-02 15:30:00
T01831,C002,U0008,wechat,exposed,2026-05-02 15:31:00
T01832,C003,U0015,app_push,exposed,2026-05-02 15:32:00
T01833,C004,U0136,app_push,exposed,2026-05-02 15:33:00
T01834,C003,U0197,app_push,exposed,2026-05-02 15:34:00
T01835,C005,U0060,app_push,exposed,2026-05-02 15:35:00
T01836,C002,U0026,wechat,exposed,2026-05-02 15:36:00
T01837,C002,U0169,wechat,exposed,2026-05-02 15:37:00
T01838,C002,U0069,wechat,exposed,2026-05-02 15:38:00
T01839,C005,U0189,app_push,exposed,2026-05-02 15:39:00
T01840,C001,U0196,app_push,exposed,2026-05-02 15:40:00
T01841,C002,U0148,wechat,exposed,2026-05-02 15:41:00
T01842,C004,U0091,app_push,exposed,2026-05-02 15:42:00
T01843,C002,U0046,wechat,exposed,2026-05-02 15:43:00
T01844,C002,U0152,wechat,exposed,2026-05-02 15:44:00
T01845,C003,U0189,app_push,exposed,2026-05-02 15:45:00
T01846,C003,U0152,app_push,exposed,2026-05-02 15:46:00
T01847,C001,U0181,app_push,exposed,2026-05-02 15:47:00
T01848,C003,U0146,app_push,exposed,2026-05-02 15:48:00
T01849,C005,U0037,app_push,exposed,2026-05-02 15:49:00
T01850,C005,U0049,app_push,exposed,2026-05-02 15:50:00
T01851,C004,U0139,app_push,exposed,2026-05-02 15:51:00
T01852,C003,U0045,app_push,exposed,2026-05-02 15:52:00
T01853,C004,U0010,app_push,exposed,2026-05-02 15:53:00
T01854,C001,U0015,app_push,exposed,2026-05-02 15:54:00
T01855,C002,U0155,wechat,exposed,2026-05-02 15:55:00
T01856,C002,U0006,wechat,exposed,2026-05-02 15:56:00
T01857,C005,U0123,app_push,exposed,2026-05-02 15:57:00
T01858,C001,U0085,app_push,exposed,2026-05-02 15:58:00
T01859,C005,U0052,app_push,exposed,2026-05-02 15:59:00
T01860,C002,U0088,wechat,exposed,2026-05-02 16:00:00
T01861,C002,U0083,wechat,exposed,2026-05-02 16:01:00
T01862,C001,U0006,app_push,exposed,2026-05-02 16:02:00
T01863,C002,U0151,wechat,exposed,2026-05-02 16:03:00
T01864,C002,U0199,wechat,exposed,2026-05-02 16:04:00
T01865,C001,U0135,app_push,exposed,2026-05-02 16:05:00
T01866,C003,U0019,app_push,exposed,2026-05-02 16:06:00
T01867,C003,U0181,app_push,exposed,2026-05-02 16:07:00
T01868,C004,U0151,app_push,exposed,2026-05-02 16:08:00
T01869,C001,U0087,app_push,exposed,2026-05-02 16:09:00
T01870,C003,U0083,app_push,exposed,2026-05-02 16:10:00
T01871,C002,U0041,wechat,exposed,2026-05-02 16:11:00
T01872,C004,U0164,app_push,exposed,2026-05-02 16:12:00
T01873,C004,U0167,app_push,exposed,2026-05-02 16:13:00
T01874,C003,U0045,app_push,exposed,2026-05-02 16:14:00
T01875,C005,U0178,app_push,exposed,2026-05-02 16:15:00
T01876,C005,U0092,app_push,exposed,2026-05-02 16:16:00
T01877,C002,U0171,wechat,exposed,2026-05-02 16:17:00
T01878,C005,U0045,app_push,exposed,2026-05-02 16:18:00
T01879,C004,U0079,app_push,exposed,2026-05-02 16:19:00
T01880,C003,U0033,app_push,exposed,2026-05-02 16:20:00
T01881,C002,U0187,wechat,exposed,2026-05-02 16:21:00
T01882,C001,U0180,app_push,exposed,2026-05-02 16:22:00
T01883,C005,U0101,app_push,exposed,2026-05-02 16:23:00
T01884,C005,U0009,app_push,exposed,2026-05-02 16:24:00
T01885,C002,U0155,wechat,exposed,2026-05-02 16:25:00
T01886,C003,U0157,app_push,exposed,2026-05-02 16:26:00
T01887,C002,U0164,wechat,exposed,2026-05-02 16:27:00
T01888,C005,U0027,app_push,exposed,2026-05-02 16:28:00
T01889,C004,U0037,app_push,exposed,2026-05-02 16:29:00
T01890,C003,U0191,app_push,exposed,2026-05-02 16:30:00
T01891,C001,U0061,app_push,exposed,2026-05-02 16:31:00
T01892,C003,U0082,app_push,exposed,2026-05-02 16:32:00
T01893,C002,U0163,wechat,exposed,2026-05-02 16:33:00
T01894,C001,U0182,app_push,exposed,2026-05-02 16:34:00
T01895,C003,U0115,app_push,exposed,2026-05-02 16:35:00
T01896,C001,U0068,app_push,exposed,2026-05-02 16:36:00
T01897,C002,U0064,wechat,exposed,2026-05-02 16:37:00
T01898,C001,U0090,app_push,exposed,2026-05-02 16:38:00
T01899,C003,U0028,app_push,exposed,2026-05-02 16:39:00
T01900,C001,U0013,app_push,exposed,2026-05-02 16:40:00
T01901,C004,U0113,app_push,exposed,2026-05-02 16:41:00
T01902,C004,U0043,app_push,exposed,2026-05-02 16:42:00
T01903,C004,U0127,app_push,exposed,2026-05-02 16:43:00
T01904,C004,U0090,app_push,exposed,2026-05-02 16:44:00
T01905,C005,U0097,app_push,exposed,2026-05-02 16:45:00
T01906,C001,U0123,app_push,exposed,2026-05-02 16:46:00
T01907,C005,U0167,app_push,exposed,2026-05-02 16:47:00
T01908,C002,U0042,wechat,exposed,2026-05-02 16:48:00
T01909,C004,U0019,app_push,exposed,2026-05-02 16:49:00
T01910,C001,U0076,app_push,exposed,2026-05-02 16:50:00
T01911,C001,U0082,app_push,exposed,2026-05-02 16:51:00
T01912,C003,U0027,app_push,exposed,2026-05-02 16:52:00
T01913,C001,U0088,app_push,exposed,2026-05-02 16:53:00
T01914,C002,U0097,wechat,exposed,2026-05-02 16:54:00
T01915,C002,U0188,wechat,exposed,2026-05-02 16:55:00
T01916,C001,U0141,app_push,exposed,2026-05-02 16:56:00
T01917,C001,U0087,app_push,exposed,2026-05-02 16:57:00
T01918,C005,U0158,app_push,exposed,2026-05-02 16:58:00
T01919,C004,U0181,app_push,exposed,2026-05-02 16:59:00
T01920,C001,U0111,app_push,exposed,2026-05-02 17:00:00
T01921,C002,U0156,wechat,exposed,2026-05-02 17:01:00
T01922,C004,U0041,app_push,exposed,2026-05-02 17:02:00
T01923,C001,U0026,app_push,exposed,2026-05-02 17:03:00
T01924,C003,U0053,app_push,exposed,2026-05-02 17:04:00
T01925,C002,U0105,wechat,exposed,2026-05-02 17:05:00
T01926,C005,U0185,app_push,exposed,2026-05-02 17:06:00
T01927,C005,U0068,app_push,exposed,2026-05-02 17:07:00
T01928,C003,U0077,app_push,exposed,2026-05-02 17:08:00
T01929,C002,U0025,wechat,exposed,2026-05-02 17:09:00
T01930,C001,U0101,app_push,exposed,2026-05-02 17:10:00
T01931,C005,U0141,app_push,exposed,2026-05-02 17:11:00
T01932,C004,U0040,app_push,exposed,2026-05-02 17:12:00
T01933,C001,U0093,app_push,exposed,2026-05-02 17:13:00
T01934,C001,U0110,app_push,exposed,2026-05-02 17:14:00
T01935,C001,U0076,app_push,exposed,2026-05-02 17:15:00
T01936,C005,U0123,app_push,exposed,2026-05-02 17:16:00
T01937,C002,U0025,wechat,exposed,2026-05-02 17:17:00
T01938,C001,U0053,app_push,exposed,2026-05-02 17:18:00
T01939,C002,U0164,wechat,exposed,2026-05-02 17:19:00
T01940,C003,U0021,app_push,exposed,2026-05-02 17:20:00
T01941,C004,U0030,app_push,exposed,2026-05-02 17:21:00
T01942,C003,U0102,app_push,exposed,2026-05-02 17:22:00
T01943,C004,U0126,app_push,exposed,2026-05-02 17:23:00
T01944,C003,U0024,app_push,exposed,2026-05-02 17:24:00
T01945,C005,U0100,app_push,exposed,2026-05-02 17:25:00
T01946,C002,U0095,wechat,exposed,2026-05-02 17:26:00
T01947,C004,U0095,app_push,exposed,2026-05-02 17:27:00
T01948,C002,U0115,wechat,exposed,2026-05-02 17:28:00
T01949,C001,U0068,app_push,exposed,2026-05-02 17:29:00
T01950,C004,U0120,app_push,exposed,2026-05-02 17:30:00
T01951,C003,U0058,app_push,exposed,2026-05-02 17:31:00
T01952,C003,U0145,app_push,exposed,2026-05-02 17:32:00
T01953,C001,U0039,app_push,exposed,2026-05-02 17:33:00
T01954,C001,U0022,app_push,exposed,2026-05-02 17:34:00
T01955,C003,U0139,app_push,exposed,2026-05-02 17:35:00
T01956,C004,U0194,app_push,exposed,2026-05-02 17:36:00
T01957,C005,U0059,app_push,exposed,2026-05-02 17:37:00
T01958,C005,U0016,app_push,exposed,2026-05-02 17:38:00
T01959,C004,U0134,app_push,exposed,2026-05-02 17:39:00
T01960,C004,U0138,app_push,exposed,2026-05-02 17:40:00
T01961,C004,U0147,app_push,exposed,2026-05-02 17:41:00
T01962,C002,U0122,wechat,exposed,2026-05-02 17:42:00
T01963,C003,U0021,app_push,exposed,2026-05-02 17:43:00
T01964,C004,U0183,app_push,exposed,2026-05-02 17:44:00
T01965,C001,U0129,app_push,exposed,2026-05-02 17:45:00
T01966,C005,U0133,app_push,exposed,2026-05-02 17:46:00
T01967,C005,U0174,app_push,exposed,2026-05-02 17:47:00
T01968,C005,U0038,app_push,exposed,2026-05-02 17:48:00
T01969,C001,U0194,app_push,exposed,2026-05-02 17:49:00
T01970,C004,U0045,app_push,exposed,2026-05-02 17:50:00
T01971,C002,U0055,wechat,exposed,2026-05-02 17:51:00
T01972,C002,U0033,wechat,exposed,2026-05-02 17:52:00
T01973,C001,U0109,app_push,exposed,2026-05-02 17:53:00
T01974,C001,U0175,app_push,exposed,2026-05-02 17:54:00
T01975,C004,U0052,app_push,exposed,2026-05-02 17:55:00
T01976,C002,U0153,wechat,exposed,2026-05-02 17:56:00
T01977,C003,U0082,app_push,exposed,2026-05-02 17:57:00
T01978,C001,U0023,app_push,exposed,2026-05-02 17:58:00
T01979,C004,U0143,app_push,exposed,2026-05-02 17:59:00
T01980,C004,U0142,app_push,exposed,2026-05-02 18:00:00
T01981,C003,U0071,app_push,exposed,2026-05-02 18:01:00
T01982,C005,U0118,app_push,exposed,2026-05-02 18:02:00
T01983,C001,U0180,app_push,exposed,2026-05-02 18:03:00
T01984,C005,U0151,app_push,exposed,2026-05-02 18:04:00
T01985,C005,U0108,app_push,exposed,2026-05-02 18:05:00
T01986,C001,U0107,app_push,exposed,2026-05-02 18:06:00
T01987,C002,U0038,wechat,exposed,2026-05-02 18:07:00
T01988,C005,U0151,app_push,exposed,2026-05-02 18:08:00
T01989,C005,U0195,app_push,exposed,2026-05-02 18:09:00
T01990,C001,U0028,app_push,exposed,2026-05-02 18:10:00
T01991,C005,U0200,app_push,exposed,2026-05-02 18:11:00
T01992,C001,U0074,app_push,exposed,2026-05-02 18:12:00
T01993,C005,U0089,app_push,exposed,2026-05-02 18:13:00
T01994,C004,U0068,app_push,exposed,2026-05-02 18:14:00
T01995,C004,U0168,app_push,exposed,2026-05-02 18:15:00
T01996,C004,U0147,app_push,exposed,2026-05-02 18:16:00
T01997,C005,U0122,app_push,exposed,2026-05-02 18:17:00
T01998,C001,U0045,app_push,exposed,2026-05-02 18:18:00
T01999,C003,U0104,app_push,exposed,2026-05-02 18:19:00
T02000,C002,U0159,wechat,exposed,2026-05-02 18:20:00
